condition,frame,t_s,left_x,left_y,left_z,right_x,right_y,right_z,theta_left_rad,theta_right_rad,speed_left_rad_s,speed_right_rad_s,delta_rad,event_only_delta_rad
lateral_anterior__aligned,0,0.0,1.0,0.0,0.0,1.0,0.0,0.0,0.0,0.0,6.283185307179586,6.283185307179586,0.0,0.0
lateral_anterior__aligned,1,0.03333333333333333,0.9738696657234194,0.22710762687271288,0.0,0.9738696657234194,0.22710762687271288,0.0,0.22910666957889445,0.22910666957889445,7.4588982200228955,7.4588982200228955,0.0,0.0
lateral_anterior__aligned,2,0.06666666666666667,0.8791655513733433,0.4765164564612698,0.0,0.8791655513733433,0.4765164564612698,0.0,0.4966881086002982,0.4966881086002982,8.58322683687846,8.58322683687846,0.0,0.0
lateral_anterior__aligned,3,0.1,0.696560902534475,0.7174976718152872,0.0,0.696560902534475,0.7174976718152872,0.0,0.8002032357805059,0.8002032357805059,9.607032602062407,9.607032602062407,0.0,0.0
lateral_anterior__aligned,4,0.13333333333333333,0.42164239355168126,0.9067622025426563,0.0,0.42164239355168126,0.9067622025426563,0.0,1.1355404952343058,1.1355404952343058,10.485570290871078,10.485570290871078,0.0,0.0
lateral_anterior__aligned,5,0.16666666666666666,0.07353234886534646,0.9972928324571199,0.0,0.07353234886534646,0.9972928324571199,0.0,1.4971975511965976,1.4971975511965976,11.180443590611974,11.180443590611974,0.0,0.0
lateral_anterior__aligned,6,0.2,-0.30289170905513696,0.9530249800428414,0.0,-0.30289170905513696,0.9530249800428414,0.0,1.8785217664984646,1.8785217664984646,11.661283203714387,11.661283203714387,0.0,0.0
lateral_anterior__aligned,7,0.23333333333333334,-0.645138569861675,0.7640655899049719,0.0,-0.645138569861675,0.7640655899049719,0.0,2.2720009547343487,2.2720009547343487,11.90707413176128,11.90707413176128,0.0,0.0
lateral_anterior__aligned,8,0.26666666666666666,-0.8906602990043825,0.4546693653386206,0.0,-0.8906602990043825,0.4546693653386206,0.0,2.6695916988554442,2.6695916988554442,11.907074131761282,11.907074131761282,0.0,0.0
lateral_anterior__aligned,9,0.3,-0.9969187497449565,0.07844110151542173,0.0,-0.9969187497449565,0.07844110151542173,0.0,3.0630708870913286,3.0630708870913286,11.661283203714387,11.661283203714387,0.0,0.0
lateral_anterior__aligned,10,0.3333333333333333,-0.9545045584902616,-0.29819632429208587,0.0,-0.9545045584902616,-0.29819632429208587,0.0,3.4443951023931954,3.4443951023931954,11.180443590611976,11.180443590611976,0.0,0.0
lateral_anterior__aligned,11,0.36666666666666664,-0.7872501876897112,-0.616633717844325,0.0,-0.7872501876897112,-0.616633717844325,0.0,3.806052158355487,3.806052158355487,10.485570290871078,10.485570290871078,0.0,0.0
lateral_anterior__aligned,12,0.4,-0.5404733117207987,-0.8413611586694221,0.0,-0.5404733117207987,-0.8413611586694221,0.0,4.141389417809287,4.141389417809287,9.607032602062409,9.607032602062409,0.0,0.0
lateral_anterior__aligned,13,0.43333333333333335,-0.2643061673452533,-0.9644388264183804,0.0,-0.2643061673452533,-0.9644388264183804,0.0,4.4449045449894955,4.4449045449894955,8.58322683687846,8.58322683687846,0.0,0.0
lateral_anterior__aligned,14,0.4666666666666667,9.700362605658954e-05,-0.9999999952951483,0.0,9.700362605658954e-05,-0.9999999952951483,0.0,4.712485984010899,4.712485984010899,7.4588982200228955,7.4588982200228955,0.0,0.0
lateral_anterior__aligned,15,0.5,0.22720209469308678,-0.9738476308781953,0.0,0.22720209469308678,-0.9738476308781953,0.0,4.941592653589793,4.941592653589793,6.283185307179587,6.283185307179587,0.0,0.0
lateral_anterior__aligned,16,0.5333333333333333,0.406825258384124,-0.9135059984152762,0.0,0.406825258384124,-0.9135059984152762,0.0,5.131365004489538,5.131365004489538,5.107472394336279,5.107472394336279,0.0,0.0
lateral_anterior__aligned,17,0.5666666666666667,0.5398623773221946,-0.8417532973217441,0.0,0.5398623773221946,-0.8417532973217441,0.0,5.282662585946773,5.282662585946773,3.9831437774807146,3.9831437774807146,0.0,0.0
lateral_anterior__aligned,18,0.6,0.6331665741823599,-0.7740155614315349,0.0,0.6331665741823599,-0.7740155614315349,0.0,5.398026479245205,5.398026479245205,2.9593380122967647,2.9593380122967647,0.0,0.0
lateral_anterior__aligned,19,0.6333333333333333,0.6955457861449008,-0.718481773864913,0.0,0.6955457861449008,-0.718481773864913,0.0,5.481568240270044,5.481568240270044,2.080800323488096,2.080800323488096,0.0,0.0
lateral_anterior__aligned,20,0.6666666666666666,0.73549787139722,-0.677527033534573,0.0,0.73549787139722,-0.677527033534573,0.0,5.538790204786391,5.538790204786391,1.3859270237471994,1.3859270237471994,0.0,0.0
lateral_anterior__aligned,21,0.7,0.7604176879103531,-0.6494343230174032,0.0,0.7604176879103531,-0.6494343230174032,0.0,5.576345009963163,5.576345009963163,0.9050874106447857,0.9050874106447857,0.0,0.0
lateral_anterior__aligned,22,0.7333333333333333,0.7766661580294008,-0.6299124375433858,0.0,0.7766661580294008,-0.6299124375433858,0.0,5.601744842205918,5.601744842205918,0.6592964825978909,0.6592964825978909,0.0,0.0
lateral_anterior__aligned,23,0.7666666666666667,0.7898989129438475,-0.613237072697116,0.0,0.7898989129438475,-0.613237072697116,0.0,5.623033118563462,5.623033118563462,0.6592964825978909,0.6592964825978909,0.0,0.0
lateral_anterior__aligned,24,0.8,0.8052185684163887,-0.5929781252942317,0.0,0.8052185684163887,-0.5929781252942317,0.0,5.6484329508062165,5.6484329508062165,0.9050874106447857,0.9050874106447857,0.0,0.0
lateral_anterior__aligned,25,0.8333333333333334,0.8269147534873308,-0.5623272983458895,0.0,0.8269147534873308,-0.5623272983458895,0.0,5.685987755982989,5.685987755982989,1.3859270237471986,1.3859270237471986,0.0,0.0
lateral_anterior__aligned,26,0.8666666666666667,0.8577212328745804,-0.51411505198361,0.0,0.8577212328745804,-0.51411505198361,0.0,5.743209720499336,5.743209720499336,2.080800323488096,2.080800323488096,0.0,0.0
lateral_anterior__aligned,27,0.9,0.8976299927068346,-0.44074981133646335,0.0,0.8976299927068346,-0.44074981133646335,0.0,5.826751481524175,5.826751481524175,2.959338012296763,2.959338012296763,0.0,0.0
lateral_anterior__aligned,28,0.9333333333333333,0.942397317354282,-0.3344955847891759,0.0,0.942397317354282,-0.3344955847891759,0.0,5.942115374822607,5.942115374822607,3.983143777480713,3.983143777480713,0.0,0.0
lateral_anterior__aligned,29,0.9666666666666667,0.9820472032286666,-0.1886353377041378,0.0,0.9820472032286666,-0.1886353377041378,0.0,6.093412956279842,6.093412956279842,5.107472394336273,5.107472394336273,0.0,0.0
lateral_anterior__aligned,30,1.0,1.0,-2.4492935982947064e-16,0.0,1.0,-2.4492935982947064e-16,0.0,6.283185307179586,6.283185307179586,6.283185307179586,6.283185307179586,0.0,0.0
lateral_anterior__aligned,31,1.0333333333333334,0.9820472032286667,0.18863533770413732,0.0,0.9820472032286667,0.18863533770413732,0.0,6.472957658079331,6.472957658079331,5.107472394336273,5.107472394336273,0.0,0.0
lateral_anterior__aligned,32,1.0666666666666667,0.9423973173542821,0.33449558478917546,0.0,0.9423973173542821,0.33449558478917546,0.0,6.6242552395365655,6.6242552395365655,3.983143777480713,3.983143777480713,0.0,0.0
lateral_anterior__aligned,33,1.1,0.8976299927068344,0.4407498113364637,0.0,0.8976299927068344,0.4407498113364637,0.0,6.739619132834998,6.739619132834998,2.9593380122967616,2.9593380122967616,0.0,0.0
lateral_anterior__aligned,34,1.1333333333333333,0.8577212328745806,0.5141150519836095,0.0,0.8577212328745806,0.5141150519836095,0.0,6.8231608938598365,6.8231608938598365,2.080800323488096,2.080800323488096,0.0,0.0
lateral_anterior__aligned,35,1.1666666666666667,0.8269147534873306,0.5623272983458898,0.0,0.8269147534873306,0.5623272983458898,0.0,6.880382858376184,6.880382858376184,1.3859270237471977,1.3859270237471977,0.0,0.0
lateral_anterior__aligned,36,1.2,0.8052185684163885,0.592978125294232,0.0,0.8052185684163885,0.592978125294232,0.0,6.917937663552957,6.917937663552957,0.9050874106447857,0.9050874106447857,0.0,0.0
lateral_anterior__aligned,37,1.2333333333333334,0.7898989129438478,0.6132370726971156,0.0,0.7898989129438478,0.6132370726971156,0.0,6.943337495795711,6.943337495795711,0.65929648259789,0.65929648259789,0.0,0.0
lateral_anterior__aligned,38,1.2666666666666666,0.7766661580294005,0.6299124375433861,0.0,0.7766661580294005,0.6299124375433861,0.0,6.964625772153255,6.964625772153255,0.65929648259789,0.65929648259789,0.0,0.0
lateral_anterior__aligned,39,1.3,0.7604176879103535,0.6494343230174028,0.0,0.7604176879103535,0.6494343230174028,0.0,6.99002560439601,6.99002560439601,0.9050874106447857,0.9050874106447857,0.0,0.0
lateral_anterior__aligned,40,1.3333333333333333,0.7354978713972203,0.6775270335345727,0.0,0.7354978713972203,0.6775270335345727,0.0,7.027580409572781,7.027580409572781,1.3859270237471968,1.3859270237471968,0.0,0.0
lateral_anterior__aligned,41,1.3666666666666667,0.6955457861449005,0.7184817738649133,0.0,0.6955457861449005,0.7184817738649133,0.0,7.084802374089129,7.084802374089129,2.080800323488095,2.080800323488095,0.0,0.0
lateral_anterior__aligned,42,1.4,0.6331665741823596,0.7740155614315352,0.0,0.6331665741823596,0.7740155614315352,0.0,7.168344135113968,7.168344135113968,2.9593380122967616,2.9593380122967616,0.0,0.0
lateral_anterior__aligned,43,1.4333333333333333,0.5398623773221957,0.8417532973217433,0.0,0.5398623773221957,0.8417532973217433,0.0,7.2837080284123985,7.2837080284123985,3.9831437774807132,3.9831437774807132,0.0,0.0
lateral_anterior__aligned,44,1.4666666666666666,0.4068252583841244,0.9135059984152761,0.0,0.4068252583841244,0.9135059984152761,0.0,7.435005609869634,7.435005609869634,5.107472394336272,5.107472394336272,0.0,0.0
lateral_anterior__aligned,45,1.5,0.22720209469308725,0.9738476308781951,0.0,0.22720209469308725,0.9738476308781951,0.0,7.6247779607693795,7.6247779607693795,6.283185307179585,6.283185307179585,0.0,0.0
lateral_anterior__aligned,46,1.5333333333333334,9.700362605530304e-05,0.9999999952951483,0.0,9.700362605530304e-05,0.9999999952951483,0.0,7.853884630348276,7.853884630348276,7.458898220022899,7.458898220022899,0.0,0.0
lateral_anterior__aligned,47,1.5666666666666667,-0.2643061673452537,0.9644388264183803,0.0,-0.2643061673452537,0.9644388264183803,0.0,8.121466069369678,8.121466069369678,8.583226836878458,8.583226836878458,0.0,0.0
lateral_anterior__aligned,48,1.6,-0.540473311720799,0.8413611586694218,0.0,-0.540473311720799,0.8413611586694218,0.0,8.424981196549886,8.424981196549886,9.607032602062409,9.607032602062409,0.0,0.0
lateral_anterior__aligned,49,1.6333333333333333,-0.7872501876897103,0.616633717844326,0.0,-0.7872501876897103,0.616633717844326,0.0,8.760318456003684,8.760318456003684,10.485570290871078,10.485570290871078,0.0,0.0
lateral_anterior__aligned,50,1.6666666666666667,-0.9545045584902617,0.2981963242920855,0.0,-0.9545045584902617,0.2981963242920855,0.0,9.121975511965978,9.121975511965978,11.180443590611976,11.180443590611976,0.0,0.0
lateral_anterior__aligned,51,1.7,-0.9969187497449565,-0.07844110151542169,0.0,-0.9969187497449565,-0.07844110151542169,0.0,9.503299727267844,9.503299727267844,11.661283203714387,11.661283203714387,0.0,0.0
lateral_anterior__aligned,52,1.7333333333333334,-0.8906602990043823,-0.45466936533862096,0.0,-0.8906602990043823,-0.45466936533862096,0.0,9.89677891550373,9.89677891550373,11.907074131761282,11.907074131761282,0.0,0.0
lateral_anterior__aligned,53,1.7666666666666666,-0.6451385698616767,-0.7640655899049704,0.0,-0.6451385698616767,-0.7640655899049704,0.0,10.294369659624822,10.294369659624822,11.907074131761282,11.907074131761282,0.0,0.0
lateral_anterior__aligned,54,1.8,-0.30289170905513846,-0.953024980042841,0.0,-0.30289170905513846,-0.953024980042841,0.0,10.687848847860707,10.687848847860707,11.661283203714387,11.661283203714387,0.0,0.0
lateral_anterior__aligned,55,1.8333333333333333,0.0735323488653442,-0.9972928324571201,0.0,0.0735323488653442,-0.9972928324571201,0.0,11.069173063162573,11.069173063162573,11.180443590611976,11.180443590611976,0.0,0.0
lateral_anterior__aligned,56,1.8666666666666667,0.4216423935516808,-0.9067622025426565,0.0,0.4216423935516808,-0.9067622025426565,0.0,11.430830119124867,11.430830119124867,10.485570290871078,10.485570290871078,0.0,0.0
lateral_anterior__aligned,57,1.9,0.6965609025344746,-0.7174976718152877,0.0,0.6965609025344746,-0.7174976718152877,0.0,11.766167378578666,11.766167378578666,9.607032602062414,9.607032602062414,0.0,0.0
lateral_anterior__aligned,58,1.9333333333333333,0.8791655513733426,-0.4765164564612711,0.0,0.8791655513733426,-0.4765164564612711,0.0,12.069682505758873,12.069682505758873,8.58322683687846,8.58322683687846,0.0,0.0
lateral_anterior__aligned,59,1.9666666666666666,0.9738696657234192,-0.22710762687271413,0.0,0.9738696657234192,-0.22710762687271413,0.0,12.337263944780277,12.337263944780277,7.458898220022899,7.458898220022899,0.0,0.0
lateral_anterior__aligned,60,2.0,1.0,-4.898587196589413e-16,0.0,1.0,-4.898587196589413e-16,0.0,12.566370614359172,12.566370614359172,6.283185307179586,6.283185307179586,0.0,0.0
lateral_anterior__aligned,61,2.033333333333333,0.9738696657234197,0.22710762687271144,0.0,0.9738696657234197,0.22710762687271144,0.0,12.795477283938066,12.795477283938066,7.458898220022892,7.458898220022892,0.0,0.0
lateral_anterior__aligned,62,2.066666666666667,0.8791655513733431,0.4765164564612702,0.0,0.8791655513733431,0.4765164564612702,0.0,13.063058722959472,13.063058722959472,8.583226836878467,8.583226836878467,0.0,0.0
lateral_anterior__aligned,63,2.1,0.6965609025344752,0.717497671815287,0.0,0.6965609025344752,0.717497671815287,0.0,13.366573850139678,13.366573850139678,9.60703260206241,9.60703260206241,0.0,0.0
lateral_anterior__aligned,64,2.1333333333333333,0.4216423935516817,0.906762202542656,0.0,0.4216423935516817,0.906762202542656,0.0,13.701911109593478,13.701911109593478,10.485570290871078,10.485570290871078,0.0,0.0
lateral_anterior__aligned,65,2.1666666666666665,0.07353234886534872,0.9972928324571197,0.0,0.07353234886534872,0.9972928324571197,0.0,14.063568165555768,14.063568165555768,11.180443590611972,11.180443590611972,0.0,0.0
lateral_anterior__aligned,66,2.2,-0.30289170905513924,0.9530249800428406,0.0,-0.30289170905513924,0.9530249800428406,0.0,14.44489238085764,14.44489238085764,11.661283203714389,11.661283203714389,0.0,0.0
lateral_anterior__aligned,67,2.2333333333333334,-0.645138569861676,0.7640655899049711,0.0,-0.645138569861676,0.7640655899049711,0.0,14.838371569093523,14.838371569093523,11.907074131761282,11.907074131761282,0.0,0.0
lateral_anterior__aligned,68,2.2666666666666666,-0.8906602990043818,0.45466936533862184,0.0,-0.8906602990043818,0.45466936533862184,0.0,15.235962313214616,15.235962313214616,11.907074131761282,11.907074131761282,0.0,0.0
lateral_anterior__aligned,69,2.3,-0.9969187497449563,0.07844110151542444,0.0,-0.9969187497449563,0.07844110151542444,0.0,15.629441501450499,15.629441501450499,11.66128320371439,11.66128320371439,0.0,0.0
lateral_anterior__aligned,70,2.3333333333333335,-0.954504558490261,-0.2981963242920879,0.0,-0.954504558490261,-0.2981963242920879,0.0,16.01076571675237,16.01076571675237,11.180443590611972,11.180443590611972,0.0,0.0
lateral_anterior__aligned,71,2.3666666666666667,-0.7872501876897109,-0.6166337178443252,0.0,-0.7872501876897109,-0.6166337178443252,0.0,16.37242277271466,16.37242277271466,10.485570290871078,10.485570290871078,0.0,0.0
lateral_anterior__aligned,72,2.4,-0.5404733117207998,-0.8413611586694213,0.0,-0.5404733117207998,-0.8413611586694213,0.0,16.70776003216846,16.70776003216846,9.60703260206241,9.60703260206241,0.0,0.0
lateral_anterior__aligned,73,2.433333333333333,-0.26430616734525464,-0.9644388264183801,0.0,-0.26430616734525464,-0.9644388264183801,0.0,17.011275159348667,17.011275159348667,8.583226836878469,8.583226836878469,0.0,0.0
lateral_anterior__aligned,74,2.466666666666667,9.700362605787604e-05,-0.9999999952951483,0.0,9.700362605787604e-05,-0.9999999952951483,0.0,17.278856598370073,17.278856598370073,7.458898220022893,7.458898220022893,0.0,0.0
lateral_anterior__aligned,75,2.5,0.22720209469308716,-0.9738476308781951,0.0,0.22720209469308716,-0.9738476308781951,0.0,17.507963267948966,17.507963267948966,6.283185307179587,6.283185307179587,0.0,0.0
lateral_anterior__aligned,76,2.533333333333333,0.40682525838412353,-0.9135059984152765,0.0,0.40682525838412353,-0.9135059984152765,0.0,17.69773561884871,17.69773561884871,5.1074723943362805,5.1074723943362805,0.0,0.0
lateral_anterior__aligned,77,2.566666666666667,0.5398623773221949,-0.8417532973217439,0.0,0.5398623773221949,-0.8417532973217439,0.0,17.849033200305946,17.849033200305946,3.9831437774807052,3.9831437774807052,0.0,0.0
lateral_anterior__aligned,78,2.6,0.6331665741823581,-0.7740155614315364,0.0,0.6331665741823581,-0.7740155614315364,0.0,17.964397093604376,17.964397093604376,2.959338012296763,2.959338012296763,0.0,0.0
lateral_anterior__aligned,79,2.6333333333333333,0.6955457861449024,-0.7184817738649115,0.0,0.6955457861449024,-0.7184817738649115,0.0,18.04793885462922,18.04793885462922,2.080800323488096,2.080800323488096,0.0,0.0
lateral_anterior__aligned,80,2.6666666666666665,0.7354978713972197,-0.6775270335345733,0.0,0.7354978713972197,-0.6775270335345733,0.0,18.105160819145564,18.105160819145564,1.3859270237472021,1.3859270237472021,0.0,0.0
lateral_anterior__aligned,81,2.7,0.7604176879103528,-0.6494343230174036,0.0,0.7604176879103528,-0.6494343230174036,0.0,18.142715624322335,18.142715624322335,0.9050874106447848,0.9050874106447848,0.0,0.0
lateral_anterior__aligned,82,2.7333333333333334,0.7766661580293999,-0.6299124375433869,0.0,0.7766661580293999,-0.6299124375433869,0.0,18.16811545656509,18.16811545656509,0.65929648259789,0.65929648259789,0.0,0.0
lateral_anterior__aligned,83,2.7666666666666666,0.7898989129438456,-0.6132370726971185,0.0,0.7898989129438456,-0.6132370726971185,0.0,18.18940373292263,18.18940373292263,0.65929648259789,0.65929648259789,0.0,0.0
lateral_anterior__aligned,84,2.8,0.805218568416389,-0.5929781252942313,0.0,0.805218568416389,-0.5929781252942313,0.0,18.21480356516539,18.21480356516539,0.9050874106447839,0.9050874106447839,0.0,0.0
lateral_anterior__aligned,85,2.8333333333333335,0.8269147534873305,-0.5623272983458899,0.0,0.8269147534873305,-0.5623272983458899,0.0,18.25235837034216,18.25235837034216,1.3859270237472012,1.3859270237472012,0.0,0.0
lateral_anterior__aligned,86,2.8666666666666667,0.8577212328745787,-0.5141150519836127,0.0,0.8577212328745787,-0.5141150519836127,0.0,18.309580334858506,18.309580334858506,2.080800323488096,2.080800323488096,0.0,0.0
lateral_anterior__aligned,87,2.9,0.8976299927068352,-0.4407498113364622,0.0,0.8976299927068352,-0.4407498113364622,0.0,18.39312209588335,18.39312209588335,2.959338012296759,2.959338012296759,0.0,0.0
lateral_anterior__aligned,88,2.933333333333333,0.9423973173542814,-0.33449558478917724,0.0,0.9423973173542814,-0.33449558478917724,0.0,18.50848598918178,18.50848598918178,3.9831437774807035,3.9831437774807035,0.0,0.0
lateral_anterior__aligned,89,2.966666666666667,0.9820472032286671,-0.18863533770413476,0.0,0.9820472032286671,-0.18863533770413476,0.0,18.659783570639018,18.659783570639018,5.107472394336279,5.107472394336279,0.0,0.0
lateral_anterior__aligned,90,3.0,1.0,-7.347880794884119e-16,0.0,1.0,-7.347880794884119e-16,0.0,18.84955592153876,18.84955592153876,6.283185307179586,6.283185307179586,0.0,0.0
lateral_anterior__aligned,91,3.033333333333333,0.9820472032286675,0.18863533770413332,0.0,0.9820472032286675,0.18863533770413332,0.0,19.0393282724385,19.0393282724385,5.1074723943362805,5.1074723943362805,0.0,0.0
lateral_anterior__aligned,92,3.066666666666667,0.942397317354282,0.33449558478917585,0.0,0.942397317354282,0.33449558478917585,0.0,19.19062585389574,19.19062585389574,3.9831437774807057,3.9831437774807057,0.0,0.0
lateral_anterior__aligned,93,3.1,0.8976299927068359,0.44074981133646085,0.0,0.8976299927068359,0.44074981133646085,0.0,19.305989747194168,19.305989747194168,2.9593380122967616,2.9593380122967616,0.0,0.0
lateral_anterior__aligned,94,3.1333333333333333,0.8577212328745795,0.5141150519836114,0.0,0.8577212328745795,0.5141150519836114,0.0,19.38953150821901,19.38953150821901,2.080800323488096,2.080800323488096,0.0,0.0
lateral_anterior__aligned,95,3.1666666666666665,0.8269147534873313,0.5623272983458887,0.0,0.8269147534873313,0.5623272983458887,0.0,19.446753472735356,19.446753472735356,1.3859270237472012,1.3859270237472012,0.0,0.0
lateral_anterior__aligned,96,3.2,0.8052185684163898,0.5929781252942302,0.0,0.8052185684163898,0.5929781252942302,0.0,19.484308277912127,19.484308277912127,0.9050874106447839,0.9050874106447839,0.0,0.0
lateral_anterior__aligned,97,3.2333333333333334,0.7898989129438465,0.6132370726971174,0.0,0.7898989129438465,0.6132370726971174,0.0,19.509708110154886,19.509708110154886,0.65929648259789,0.65929648259789,0.0,0.0
lateral_anterior__aligned,98,3.2666666666666666,0.7766661580294009,0.6299124375433857,0.0,0.7766661580294009,0.6299124375433857,0.0,19.530996386512427,19.530996386512427,0.65929648259789,0.65929648259789,0.0,0.0
lateral_anterior__aligned,99,3.3,0.7604176879103538,0.6494343230174024,0.0,0.7604176879103538,0.6494343230174024,0.0,19.556396218755182,19.556396218755182,0.905087410644783,0.905087410644783,0.0,0.0
lateral_anterior__aligned,100,3.3333333333333335,0.7354978713972207,0.6775270335345723,0.0,0.7354978713972207,0.6775270335345723,0.0,19.593951023931954,19.593951023931954,1.3859270237472003,1.3859270237472003,0.0,0.0
lateral_anterior__aligned,101,3.3666666666666667,0.6955457861449008,0.718481773864913,0.0,0.6955457861449008,0.718481773864913,0.0,19.6511729884483,19.6511729884483,2.080800323488095,2.080800323488095,0.0,0.0
lateral_anterior__aligned,102,3.4,0.6331665741823592,0.7740155614315354,0.0,0.6331665741823592,0.7740155614315354,0.0,19.73471474947314,19.73471474947314,2.9593380122967616,2.9593380122967616,0.0,0.0
lateral_anterior__aligned,103,3.433333333333333,0.5398623773221961,0.8417532973217431,0.0,0.5398623773221961,0.8417532973217431,0.0,19.85007864277157,19.85007864277157,3.9831437774807044,3.9831437774807044,0.0,0.0
lateral_anterior__aligned,104,3.466666666666667,0.40682525838412165,0.9135059984152774,0.0,0.40682525838412165,0.9135059984152774,0.0,20.00137622422881,20.00137622422881,5.10747239433628,5.10747239433628,0.0,0.0
lateral_anterior__aligned,105,3.5,0.22720209469308858,0.9738476308781948,0.0,0.22720209469308858,0.9738476308781948,0.0,20.19114857512855,20.19114857512855,6.283185307179585,6.283185307179585,0.0,0.0
lateral_anterior__aligned,106,3.533333333333333,9.700362605934561e-05,0.9999999952951483,0.0,9.700362605934561e-05,0.9999999952951483,0.0,20.420255244707445,20.420255244707445,7.458898220022892,7.458898220022892,0.0,0.0
lateral_anterior__aligned,107,3.566666666666667,-0.2643061673452567,0.9644388264183795,0.0,-0.2643061673452567,0.9644388264183795,0.0,20.687836683728854,20.687836683728854,8.583226836878467,8.583226836878467,0.0,0.0
lateral_anterior__aligned,108,3.6,-0.5404733117207986,0.8413611586694221,0.0,-0.5404733117207986,0.8413611586694221,0.0,20.99135181090906,20.99135181090906,9.607032602062409,9.607032602062409,0.0,0.0
lateral_anterior__aligned,109,3.6333333333333333,-0.78725018768971,0.6166337178443264,0.0,-0.78725018768971,0.6166337178443264,0.0,21.326689070362857,21.326689070362857,10.485570290871078,10.485570290871078,0.0,0.0
lateral_anterior__aligned,110,3.6666666666666665,-0.9545045584902605,0.2981963242920893,0.0,-0.9545045584902605,0.2981963242920893,0.0,21.688346126325147,21.688346126325147,11.18044359061197,11.18044359061197,0.0,0.0
lateral_anterior__aligned,111,3.7,-0.9969187497449566,-0.07844110151542119,0.0,-0.9969187497449566,-0.07844110151542119,0.0,22.069670341627017,22.069670341627017,11.661283203714387,11.661283203714387,0.0,0.0
lateral_anterior__aligned,112,3.7333333333333334,-0.8906602990043817,-0.4546693653386221,0.0,-0.8906602990043817,-0.4546693653386221,0.0,22.463149529862903,22.463149529862903,11.907074131761282,11.907074131761282,0.0,0.0
lateral_anterior__aligned,113,3.7666666666666666,-0.6451385698616757,-0.7640655899049713,0.0,-0.6451385698616757,-0.7640655899049713,0.0,22.860740273983996,22.860740273983996,11.907074131761282,11.907074131761282,0.0,0.0
lateral_anterior__aligned,114,3.8,-0.30289170905513896,-0.9530249800428408,0.0,-0.30289170905513896,-0.9530249800428408,0.0,23.25421946221988,23.25421946221988,11.661283203714389,11.661283203714389,0.0,0.0
lateral_anterior__aligned,115,3.8333333333333335,0.07353234886534725,-0.9972928324571199,0.0,0.07353234886534725,-0.9972928324571199,0.0,23.63554367752175,23.63554367752175,11.180443590611972,11.180443590611972,0.0,0.0
lateral_anterior__aligned,116,3.8666666666666667,0.4216423935516804,-0.9067622025426566,0.0,0.4216423935516804,-0.9067622025426566,0.0,23.99720073348404,23.99720073348404,10.485570290871078,10.485570290871078,0.0,0.0
lateral_anterior__aligned,117,3.9,0.6965609025344729,-0.7174976718152892,0.0,0.6965609025344729,-0.7174976718152892,0.0,24.332537992937837,24.332537992937837,9.607032602062414,9.607032602062414,0.0,0.0
lateral_anterior__aligned,118,3.933333333333333,0.8791655513733407,-0.47651645646127466,0.0,0.8791655513733407,-0.47651645646127466,0.0,24.636053120118042,24.636053120118042,8.583226836878469,8.583226836878469,0.0,0.0
lateral_anterior__aligned,119,3.966666666666667,0.9738696657234194,-0.22710762687271288,0.0,0.9738696657234194,-0.22710762687271288,0.0,24.90363455913945,24.90363455913945,7.458898220022894,7.458898220022894,0.0,0.0
lateral_anterior__aligned,120,4.0,1.0,-9.797174393178826e-16,0.0,1.0,-9.797174393178826e-16,0.0,25.132741228718345,25.132741228718345,6.283185307179586,6.283185307179586,0.0,0.0
lateral_anterior__aligned,121,4.033333333333333,0.9738696657234198,0.22710762687271097,0.0,0.9738696657234198,0.22710762687271097,0.0,25.36184789829724,25.36184789829724,7.458898220022892,7.458898220022892,0.0,0.0
lateral_anterior__aligned,122,4.066666666666666,0.879165551373345,0.47651645646126667,0.0,0.879165551373345,0.47651645646126667,0.0,25.62942933731864,25.62942933731864,8.583226836878453,8.583226836878453,0.0,0.0
lateral_anterior__aligned,123,4.1,0.6965609025344794,0.7174976718152829,0.0,0.6965609025344794,0.7174976718152829,0.0,25.932944464498846,25.932944464498846,9.607032602062398,9.607032602062398,0.0,0.0
lateral_anterior__aligned,124,4.133333333333334,0.42164239355167893,0.9067622025426573,0.0,0.42164239355167893,0.9067622025426573,0.0,26.268281723952654,26.268281723952654,10.485570290871088,10.485570290871088,0.0,0.0
lateral_anterior__aligned,125,4.166666666666667,0.07353234886534211,0.9972928324571202,0.0,0.07353234886534211,0.9972928324571202,0.0,26.629938779914948,26.629938779914948,11.18044359061198,11.18044359061198,0.0,0.0
lateral_anterior__aligned,126,4.2,-0.30289170905513707,0.9530249800428414,0.0,-0.30289170905513707,0.9530249800428414,0.0,27.01126299521681,27.01126299521681,11.661283203714389,11.661283203714389,0.0,0.0
lateral_anterior__aligned,127,4.233333333333333,-0.6451385698616743,0.7640655899049725,0.0,-0.6451385698616743,0.7640655899049725,0.0,27.404742183452694,27.404742183452694,11.907074131761282,11.907074131761282,0.0,0.0
lateral_anterior__aligned,128,4.266666666666667,-0.8906602990043808,0.45466936533862384,0.0,-0.8906602990043808,0.45466936533862384,0.0,27.802332927573786,27.802332927573786,11.907074131761282,11.907074131761282,0.0,0.0
lateral_anterior__aligned,129,4.3,-0.9969187497449564,0.07844110151542315,0.0,-0.9969187497449564,0.07844110151542315,0.0,28.195812115809673,28.195812115809673,11.66128320371439,11.66128320371439,0.0,0.0
lateral_anterior__aligned,130,4.333333333333333,-0.9545045584902632,-0.2981963242920807,0.0,-0.9545045584902632,-0.2981963242920807,0.0,28.577136331111536,28.577136331111536,11.18044359061198,11.18044359061198,0.0,0.0
lateral_anterior__aligned,131,4.366666666666666,-0.7872501876897134,-0.6166337178443221,0.0,-0.7872501876897134,-0.6166337178443221,0.0,28.93879338707383,28.93879338707383,10.485570290871088,10.485570290871088,0.0,0.0
lateral_anterior__aligned,132,4.4,-0.5404733117207943,-0.8413611586694248,0.0,-0.5404733117207943,-0.8413611586694248,0.0,29.274130646527638,29.274130646527638,9.607032602062398,9.607032602062398,0.0,0.0
lateral_anterior__aligned,133,4.433333333333334,-0.2643061673452517,-0.9644388264183809,0.0,-0.2643061673452517,-0.9644388264183809,0.0,29.577645773707843,29.577645773707843,8.583226836878453,8.583226836878453,0.0,0.0
lateral_anterior__aligned,134,4.466666666666667,9.700362605738618e-05,-0.9999999952951483,0.0,9.700362605738618e-05,-0.9999999952951483,0.0,29.845227212729245,29.845227212729245,7.458898220022893,7.458898220022893,0.0,0.0
lateral_anterior__aligned,135,4.5,0.22720209469308666,-0.9738476308781953,0.0,0.22720209469308666,-0.9738476308781953,0.0,30.07433388230814,30.07433388230814,6.283185307179587,6.283185307179587,0.0,0.0
lateral_anterior__aligned,136,4.533333333333333,0.40682525838411987,-0.9135059984152781,0.0,0.40682525838411987,-0.9135059984152781,0.0,30.26410623320788,30.26410623320788,5.1074723943362805,5.1074723943362805,0.0,0.0
lateral_anterior__aligned,137,4.566666666666666,0.5398623773221944,-0.8417532973217441,0.0,0.5398623773221944,-0.8417532973217441,0.0,30.41540381466512,30.41540381466512,3.9831437774807212,3.9831437774807212,0.0,0.0
lateral_anterior__aligned,138,4.6,0.6331665741823578,-0.7740155614315366,0.0,0.6331665741823578,-0.7740155614315366,0.0,30.530767707963548,30.530767707963548,2.959338012296775,2.959338012296775,0.0,0.0
lateral_anterior__aligned,139,4.633333333333334,0.6955457861448994,-0.7184817738649143,0.0,0.6955457861448994,-0.7184817738649143,0.0,30.614309468988388,30.614309468988388,2.080800323488086,2.080800323488086,0.0,0.0
lateral_anterior__aligned,140,4.666666666666667,0.7354978713972193,-0.6775270335345738,0.0,0.7354978713972193,-0.6775270335345738,0.0,30.671531433504736,30.671531433504736,1.385927023747195,1.385927023747195,0.0,0.0
lateral_anterior__aligned,141,4.7,0.7604176879103525,-0.6494343230174039,0.0,0.7604176879103525,-0.6494343230174039,0.0,30.709086238681508,30.709086238681508,0.9050874106447848,0.9050874106447848,0.0,0.0
lateral_anterior__aligned,142,4.733333333333333,0.7766661580293996,-0.6299124375433872,0.0,0.7766661580293996,-0.6299124375433872,0.0,30.734486070924262,30.734486070924262,0.65929648259789,0.65929648259789,0.0,0.0
lateral_anterior__aligned,143,4.766666666666667,0.7898989129438453,-0.6132370726971189,0.0,0.7898989129438453,-0.6132370726971189,0.0,30.755774347281804,30.755774347281804,0.65929648259789,0.65929648259789,0.0,0.0
lateral_anterior__aligned,144,4.8,0.8052185684163886,-0.5929781252942318,0.0,0.8052185684163886,-0.5929781252942318,0.0,30.781174179524562,30.781174179524562,0.9050874106447839,0.9050874106447839,0.0,0.0
lateral_anterior__aligned,145,4.833333333333333,0.8269147534873302,-0.5623272983458902,0.0,0.8269147534873302,-0.5623272983458902,0.0,30.818728984701334,30.818728984701334,1.3859270237471932,1.3859270237471932,0.0,0.0
lateral_anterior__aligned,146,4.866666666666666,0.8577212328745802,-0.5141150519836101,0.0,0.8577212328745802,-0.5141150519836101,0.0,30.875950949217682,30.875950949217682,2.0808003234880834,2.0808003234880834,0.0,0.0
lateral_anterior__aligned,147,4.9,0.897629992706835,-0.4407498113364626,0.0,0.897629992706835,-0.4407498113364626,0.0,30.95949271024252,30.95949271024252,2.9593380122967754,2.9593380122967754,0.0,0.0
lateral_anterior__aligned,148,4.933333333333334,0.9423973173542813,-0.3344955847891777,0.0,0.9423973173542813,-0.3344955847891777,0.0,31.07485660354095,31.07485660354095,3.9831437774807172,3.9831437774807172,0.0,0.0
lateral_anterior__aligned,149,4.966666666666667,0.982047203228667,-0.18863533770413526,0.0,0.982047203228667,-0.18863533770413526,0.0,31.22615418499819,31.22615418499819,5.107472394336279,5.107472394336279,0.0,0.0
lateral_anterior__aligned,150,5.0,1.0,-1.2246467991473533e-15,0.0,1.0,-1.2246467991473533e-15,0.0,31.41592653589793,31.41592653589793,6.283185307179586,6.283185307179586,0.0,0.0
lateral_anterior__aligned,151,5.033333333333333,0.9820472032286675,0.18863533770413285,0.0,0.9820472032286675,0.18863533770413285,0.0,31.605698886797672,31.605698886797672,5.1074723943362805,5.1074723943362805,0.0,0.0
lateral_anterior__aligned,152,5.066666666666666,0.9423973173542821,0.33449558478917535,0.0,0.9423973173542821,0.33449558478917535,0.0,31.75699646825491,31.75699646825491,3.98314377748072,3.98314377748072,0.0,0.0
lateral_anterior__aligned,153,5.1,0.8976299927068361,0.4407498113364604,0.0,0.8976299927068361,0.4407498113364604,0.0,31.87236036155334,31.87236036155334,2.959338012296774,2.959338012296774,0.0,0.0
lateral_anterior__aligned,154,5.133333333333334,0.8577212328745797,0.514115051983611,0.0,0.8577212328745797,0.514115051983611,0.0,31.955902122578184,31.955902122578184,2.080800323488085,2.080800323488085,0.0,0.0
lateral_anterior__aligned,155,5.166666666666667,0.8269147534873336,0.5623272983458854,0.0,0.8269147534873336,0.5623272983458854,0.0,32.013124087094525,32.013124087094525,1.3859270237471932,1.3859270237471932,0.0,0.0
lateral_anterior__aligned,156,5.2,0.8052185684163901,0.5929781252942298,0.0,0.8052185684163901,0.5929781252942298,0.0,32.0506788922713,32.0506788922713,0.9050874106447839,0.9050874106447839,0.0,0.0
lateral_anterior__aligned,157,5.233333333333333,0.789898912943849,0.6132370726971141,0.0,0.789898912943849,0.6132370726971141,0.0,32.076078724514055,32.076078724514055,0.65929648259789,0.65929648259789,0.0,0.0
lateral_anterior__aligned,158,5.266666666666667,0.7766661580294011,0.6299124375433853,0.0,0.7766661580294011,0.6299124375433853,0.0,32.0973670008716,32.0973670008716,0.65929648259789,0.65929648259789,0.0,0.0
lateral_anterior__aligned,159,5.3,0.760417687910354,0.6494343230174021,0.0,0.760417687910354,0.6494343230174021,0.0,32.122766833114355,32.122766833114355,0.905087410644783,0.905087410644783,0.0,0.0
lateral_anterior__aligned,160,5.333333333333333,0.7354978713972234,0.6775270335345693,0.0,0.7354978713972234,0.6775270335345693,0.0,32.16032163829112,32.16032163829112,1.3859270237471932,1.3859270237471932,0.0,0.0
lateral_anterior__aligned,161,5.366666666666666,0.6955457861449011,0.7184817738649126,0.0,0.6955457861449011,0.7184817738649126,0.0,32.217543602807474,32.217543602807474,2.080800323488085,2.080800323488085,0.0,0.0
lateral_anterior__aligned,162,5.4,0.6331665741823597,0.774015561431535,0.0,0.6331665741823597,0.774015561431535,0.0,32.301085363832314,32.301085363832314,2.959338012296774,2.959338012296774,0.0,0.0
lateral_anterior__aligned,163,5.433333333333334,0.5398623773221964,0.8417532973217428,0.0,0.5398623773221964,0.8417532973217428,0.0,32.41644925713074,32.41644925713074,3.9831437774807203,3.9831437774807203,0.0,0.0
lateral_anterior__aligned,164,5.466666666666667,0.4068252583841253,0.9135059984152757,0.0,0.4068252583841253,0.9135059984152757,0.0,32.56774683858798,32.56774683858798,5.10747239433628,5.10747239433628,0.0,0.0
lateral_anterior__aligned,165,5.5,0.22720209469308905,0.9738476308781947,0.0,0.22720209469308905,0.9738476308781947,0.0,32.757519189487724,32.757519189487724,6.283185307179585,6.283185307179585,0.0,0.0
lateral_anterior__aligned,166,5.533333333333333,9.700362606338818e-05,0.9999999952951483,0.0,9.700362606338818e-05,0.9999999952951483,0.0,32.98662585906661,32.98662585906661,7.458898220022892,7.458898220022892,0.0,0.0
lateral_anterior__aligned,167,5.566666666666666,-0.26430616734524937,0.9644388264183815,0.0,-0.26430616734524937,0.9644388264183815,0.0,33.25420729808802,33.25420729808802,8.58322683687845,8.58322683687845,0.0,0.0
lateral_anterior__aligned,168,5.6,-0.5404733117207982,0.8413611586694224,0.0,-0.5404733117207982,0.8413611586694224,0.0,33.55772242526823,33.55772242526823,9.607032602062397,9.607032602062397,0.0,0.0
lateral_anterior__aligned,169,5.633333333333334,-0.7872501876897119,0.616633717844324,0.0,-0.7872501876897119,0.616633717844324,0.0,33.89305968472203,33.89305968472203,10.485570290871086,10.485570290871086,0.0,0.0
lateral_anterior__aligned,170,5.666666666666667,-0.9545045584902614,0.2981963242920864,0.0,-0.9545045584902614,0.2981963242920864,0.0,34.25471674068432,34.25471674068432,11.180443590611977,11.180443590611977,0.0,0.0
lateral_anterior__aligned,171,5.7,-0.9969187497449561,-0.0784411015154278,0.0,-0.9969187497449561,-0.0784411015154278,0.0,34.636040955986196,34.636040955986196,11.661283203714387,11.661283203714387,0.0,0.0
lateral_anterior__aligned,172,5.733333333333333,-0.8906602990043851,-0.45466936533861535,0.0,-0.8906602990043851,-0.45466936533861535,0.0,35.02952014422207,35.02952014422207,11.907074131761282,11.907074131761282,0.0,0.0
lateral_anterior__aligned,173,5.766666666666667,-0.6451385698616788,-0.7640655899049686,0.0,-0.6451385698616788,-0.7640655899049686,0.0,35.427110888343165,35.427110888343165,11.907074131761282,11.907074131761282,0.0,0.0
lateral_anterior__aligned,174,5.8,-0.3028917090551394,-0.9530249800428406,0.0,-0.3028917090551394,-0.9530249800428406,0.0,35.82059007657905,35.82059007657905,11.661283203714389,11.661283203714389,0.0,0.0
lateral_anterior__aligned,175,5.833333333333333,0.07353234886534321,-0.9972928324571201,0.0,0.07353234886534321,-0.9972928324571201,0.0,36.20191429188092,36.20191429188092,11.18044359061198,11.18044359061198,0.0,0.0
lateral_anterior__aligned,176,5.866666666666666,0.4216423935516767,-0.9067622025426584,0.0,0.4216423935516767,-0.9067622025426584,0.0,36.56357134784321,36.56357134784321,10.485570290871088,10.485570290871088,0.0,0.0
lateral_anterior__aligned,177,5.9,0.6965609025344777,-0.7174976718152847,0.0,0.6965609025344777,-0.7174976718152847,0.0,36.89890860729702,36.89890860729702,9.607032602062397,9.607032602062397,0.0,0.0
lateral_anterior__aligned,178,5.933333333333334,0.8791655513733438,-0.47651645646126883,0.0,0.8791655513733438,-0.47651645646126883,0.0,37.20242373447722,37.20242373447722,8.583226836878456,8.583226836878456,0.0,0.0
lateral_anterior__aligned,179,5.966666666666667,0.9738696657234185,-0.22710762687271682,0.0,0.9738696657234185,-0.22710762687271682,0.0,37.47000517349862,37.47000517349862,7.458898220022894,7.458898220022894,0.0,0.0
lateral_anterior__aligned,180,6.0,1.0,-1.4695761589768238e-15,0.0,1.0,-1.4695761589768238e-15,0.0,37.69911184307752,37.69911184307752,6.283185307179586,6.283185307179586,0.0,0.0
lateral_anterior__aligned,181,6.033333333333333,0.9738696657234192,0.22710762687271396,0.0,0.9738696657234192,0.22710762687271396,0.0,37.928218512656414,37.928218512656414,7.458898220022892,7.458898220022892,0.0,0.0
lateral_anterior__aligned,182,6.066666666666666,0.8791655513733453,0.4765164564612663,0.0,0.8791655513733453,0.4765164564612663,0.0,38.19579995167781,38.19579995167781,8.583226836878453,8.583226836878453,0.0,0.0
lateral_anterior__aligned,183,6.1,0.6965609025344798,0.7174976718152826,0.0,0.6965609025344798,0.7174976718152826,0.0,38.49931507885802,38.49931507885802,9.607032602062398,9.607032602062398,0.0,0.0
lateral_anterior__aligned,184,6.133333333333334,0.4216423935516794,0.9067622025426572,0.0,0.4216423935516794,0.9067622025426572,0.0,38.83465233831183,38.83465233831183,10.485570290871088,10.485570290871088,0.0,0.0
lateral_anterior__aligned,185,6.166666666666667,0.07353234886534615,0.9972928324571199,0.0,0.07353234886534615,0.9972928324571199,0.0,39.19630939427412,39.19630939427412,11.18044359061198,11.18044359061198,0.0,0.0
lateral_anterior__aligned,186,6.2,-0.3028917090551366,0.9530249800428415,0.0,-0.3028917090551366,0.9530249800428415,0.0,39.57763360957598,39.57763360957598,11.661283203714389,11.661283203714389,0.0,0.0
lateral_anterior__aligned,187,6.233333333333333,-0.6451385698616766,0.7640655899049705,0.0,-0.6451385698616766,0.7640655899049705,0.0,39.97111279781187,39.97111279781187,11.907074131761282,11.907074131761282,0.0,0.0
lateral_anterior__aligned,188,6.266666666666667,-0.8906602990043838,0.45466936533861796,0.0,-0.8906602990043838,0.45466936533861796,0.0,40.368703541932966,40.368703541932966,11.907074131761282,11.907074131761282,0.0,0.0
lateral_anterior__aligned,189,6.3,-0.9969187497449559,0.07844110151543073,0.0,-0.9969187497449559,0.07844110151543073,0.0,40.76218273016884,40.76218273016884,11.66128320371439,11.66128320371439,0.0,0.0
lateral_anterior__aligned,190,6.333333333333333,-0.9545045584902623,-0.2981963242920836,0.0,-0.9545045584902623,-0.2981963242920836,0.0,41.14350694547071,41.14350694547071,11.18044359061198,11.18044359061198,0.0,0.0
lateral_anterior__aligned,191,6.366666666666666,-0.7872501876897138,-0.6166337178443216,0.0,-0.7872501876897138,-0.6166337178443216,0.0,41.505164001433,41.505164001433,10.485570290871088,10.485570290871088,0.0,0.0
lateral_anterior__aligned,192,6.4,-0.5404733117208007,-0.8413611586694207,0.0,-0.5404733117208007,-0.8413611586694207,0.0,41.8405012608868,41.8405012608868,9.607032602062398,9.607032602062398,0.0,0.0
lateral_anterior__aligned,193,6.433333333333334,-0.2643061673452522,-0.9644388264183807,0.0,-0.2643061673452522,-0.9644388264183807,0.0,42.144016388067016,42.144016388067016,8.583226836878453,8.583226836878453,0.0,0.0
lateral_anterior__aligned,194,6.466666666666667,9.700362606044903e-05,-0.9999999952951483,0.0,9.700362606044903e-05,-0.9999999952951483,0.0,42.41159782708842,42.41159782708842,7.458898220022893,7.458898220022893,0.0,0.0
lateral_anterior__aligned,195,6.5,0.2272020946930862,-0.9738476308781954,0.0,0.2272020946930862,-0.9738476308781954,0.0,42.64070449666731,42.64070449666731,6.283185307179587,6.283185307179587,0.0,0.0
lateral_anterior__aligned,196,6.533333333333333,0.40682525838412265,-0.9135059984152769,0.0,0.40682525838412265,-0.9135059984152769,0.0,42.830476847567056,42.830476847567056,5.1074723943362805,5.1074723943362805,0.0,0.0
lateral_anterior__aligned,197,6.566666666666666,0.539862377322194,-0.8417532973217444,0.0,0.539862377322194,-0.8417532973217444,0.0,42.98177442902429,42.98177442902429,3.9831437774807212,3.9831437774807212,0.0,0.0
lateral_anterior__aligned,198,6.6,0.6331665741823573,-0.7740155614315369,0.0,0.6331665741823573,-0.7740155614315369,0.0,43.09713832232272,43.09713832232272,2.959338012296775,2.959338012296775,0.0,0.0
lateral_anterior__aligned,199,6.633333333333334,0.695545786144899,-0.7184817738649146,0.0,0.695545786144899,-0.7184817738649146,0.0,43.18068008334756,43.18068008334756,2.080800323488086,2.080800323488086,0.0,0.0
lateral_anterior__aligned,200,6.666666666666667,0.7354978713972214,-0.6775270335345714,0.0,0.7354978713972214,-0.6775270335345714,0.0,43.23790204786391,43.23790204786391,1.385927023747195,1.385927023747195,0.0,0.0
lateral_anterior__aligned,201,6.7,0.7604176879103521,-0.6494343230174043,0.0,0.7604176879103521,-0.6494343230174043,0.0,43.27545685304068,43.27545685304068,0.9050874106447848,0.9050874106447848,0.0,0.0
lateral_anterior__aligned,202,6.733333333333333,0.7766661580293993,-0.6299124375433875,0.0,0.7766661580293993,-0.6299124375433875,0.0,43.300856685283435,43.300856685283435,0.65929648259789,0.65929648259789,0.0,0.0
lateral_anterior__aligned,203,6.766666666666667,0.7898989129438472,-0.6132370726971165,0.0,0.7898989129438472,-0.6132370726971165,0.0,43.32214496164098,43.32214496164098,0.65929648259789,0.65929648259789,0.0,0.0
lateral_anterior__aligned,204,6.8,0.8052185684163884,-0.5929781252942322,0.0,0.8052185684163884,-0.5929781252942322,0.0,43.347544793883735,43.347544793883735,0.9050874106447839,0.9050874106447839,0.0,0.0
lateral_anterior__aligned,205,6.833333333333333,0.8269147534873319,-0.5623272983458877,0.0,0.8269147534873319,-0.5623272983458877,0.0,43.38509959906051,43.38509959906051,1.3859270237471932,1.3859270237471932,0.0,0.0
lateral_anterior__aligned,206,6.866666666666666,0.8577212328745764,-0.5141150519836166,0.0,0.8577212328745764,-0.5141150519836166,0.0,43.44232156357685,43.44232156357685,2.0808003234880834,2.0808003234880834,0.0,0.0
lateral_anterior__aligned,207,6.9,0.8976299927068347,-0.44074981133646307,0.0,0.8976299927068347,-0.44074981133646307,0.0,43.525863324601694,43.525863324601694,2.9593380122967754,2.9593380122967754,0.0,0.0
lateral_anterior__aligned,208,6.933333333333334,0.9423973173542836,-0.33449558478917146,0.0,0.9423973173542836,-0.33449558478917146,0.0,43.64122721790013,43.64122721790013,3.9831437774807172,3.9831437774807172,0.0,0.0
lateral_anterior__aligned,209,6.966666666666667,0.9820472032286662,-0.18863533770413923,0.0,0.9820472032286662,-0.18863533770413923,0.0,43.79252479935736,43.79252479935736,5.107472394336279,5.107472394336279,0.0,0.0
lateral_anterior__aligned,210,7.0,1.0,-1.7145055188062944e-15,0.0,1.0,-1.7145055188062944e-15,0.0,43.982297150257104,43.982297150257104,6.283185307179586,6.283185307179586,0.0,0.0
lateral_anterior__aligned,211,7.033333333333333,0.9820472032286669,0.18863533770413587,0.0,0.9820472032286669,0.18863533770413587,0.0,44.17206950115685,44.17206950115685,5.1074723943362805,5.1074723943362805,0.0,0.0
lateral_anterior__aligned,212,7.066666666666666,0.9423973173542847,0.3344955847891682,0.0,0.9423973173542847,0.3344955847891682,0.0,44.32336708261408,44.32336708261408,3.98314377748072,3.98314377748072,0.0,0.0
lateral_anterior__aligned,213,7.1,0.8976299927068363,0.44074981133646,0.0,0.8976299927068363,0.44074981133646,0.0,44.43873097591251,44.43873097591251,2.959338012296774,2.959338012296774,0.0,0.0
lateral_anterior__aligned,214,7.133333333333334,0.8577212328745781,0.5141150519836136,0.0,0.8577212328745781,0.5141150519836136,0.0,44.52227273693736,44.52227273693736,2.080800323488085,2.080800323488085,0.0,0.0
lateral_anterior__aligned,215,7.166666666666667,0.8269147534873339,0.5623272983458849,0.0,0.8269147534873339,0.5623272983458849,0.0,44.5794947014537,44.5794947014537,1.3859270237471932,1.3859270237471932,0.0,0.0
lateral_anterior__aligned,216,7.2,0.8052185684163904,0.5929781252942294,0.0,0.8052185684163904,0.5929781252942294,0.0,44.61704950663047,44.61704950663047,0.9050874106447839,0.9050874106447839,0.0,0.0
lateral_anterior__aligned,217,7.233333333333333,0.7898989129438493,0.6132370726971138,0.0,0.7898989129438493,0.6132370726971138,0.0,44.64244933887323,44.64244933887323,0.65929648259789,0.65929648259789,0.0,0.0
lateral_anterior__aligned,218,7.266666666666667,0.7766661580294014,0.6299124375433849,0.0,0.7766661580294014,0.6299124375433849,0.0,44.66373761523077,44.66373761523077,0.65929648259789,0.65929648259789,0.0,0.0
lateral_anterior__aligned,219,7.3,0.7604176879103544,0.6494343230174017,0.0,0.7604176879103544,0.6494343230174017,0.0,44.68913744747353,44.68913744747353,0.905087410644783,0.905087410644783,0.0,0.0
lateral_anterior__aligned,220,7.333333333333333,0.7354978713972238,0.677527033534569,0.0,0.7354978713972238,0.677527033534569,0.0,44.726692252650295,44.726692252650295,1.3859270237471932,1.3859270237471932,0.0,0.0
lateral_anterior__aligned,221,7.366666666666666,0.6955457861449015,0.7184817738649123,0.0,0.6955457861449015,0.7184817738649123,0.0,44.78391421716665,44.78391421716665,2.080800323488085,2.080800323488085,0.0,0.0
lateral_anterior__aligned,222,7.4,0.63316657418236,0.7740155614315348,0.0,0.63316657418236,0.7740155614315348,0.0,44.86745597819149,44.86745597819149,2.959338012296774,2.959338012296774,0.0,0.0
lateral_anterior__aligned,223,7.433333333333334,0.5398623773221969,0.8417532973217425,0.0,0.5398623773221969,0.8417532973217425,0.0,44.982819871489916,44.982819871489916,3.9831437774807203,3.9831437774807203,0.0,0.0
lateral_anterior__aligned,224,7.466666666666667,0.40682525838412575,0.9135059984152755,0.0,0.40682525838412575,0.9135059984152755,0.0,45.13411745294715,45.13411745294715,5.10747239433628,5.10747239433628,0.0,0.0
lateral_anterior__aligned,225,7.5,0.22720209469308952,0.9738476308781946,0.0,0.22720209469308952,0.9738476308781946,0.0,45.323889803846896,45.323889803846896,6.283185307179585,6.283185307179585,0.0,0.0
lateral_anterior__aligned,226,7.533333333333333,9.700362606387805e-05,0.9999999952951483,0.0,9.700362606387805e-05,0.9999999952951483,0.0,45.552996473425786,45.552996473425786,7.458898220022892,7.458898220022892,0.0,0.0
lateral_anterior__aligned,227,7.566666666666666,-0.26430616734524887,0.9644388264183816,0.0,-0.26430616734524887,0.9644388264183816,0.0,45.82057791244719,45.82057791244719,8.58322683687845,8.58322683687845,0.0,0.0
lateral_anterior__aligned,228,7.6,-0.5404733117207978,0.8413611586694226,0.0,-0.5404733117207978,0.8413611586694226,0.0,46.124093039627404,46.124093039627404,9.607032602062397,9.607032602062397,0.0,0.0
lateral_anterior__aligned,229,7.633333333333334,-0.7872501876897116,0.6166337178443244,0.0,-0.7872501876897116,0.6166337178443244,0.0,46.459430299081205,46.459430299081205,10.485570290871086,10.485570290871086,0.0,0.0
lateral_anterior__aligned,230,7.666666666666667,-0.9545045584902613,0.29819632429208687,0.0,-0.9545045584902613,0.29819632429208687,0.0,46.821087355043495,46.821087355043495,11.180443590611977,11.180443590611977,0.0,0.0
lateral_anterior__aligned,231,7.7,-0.9969187497449561,-0.0784411015154273,0.0,-0.9969187497449561,-0.0784411015154273,0.0,47.20241157034537,47.20241157034537,11.661283203714387,11.661283203714387,0.0,0.0
lateral_anterior__aligned,232,7.733333333333333,-0.8906602990043854,-0.4546693653386149,0.0,-0.8906602990043854,-0.4546693653386149,0.0,47.59589075858124,47.59589075858124,11.907074131761282,11.907074131761282,0.0,0.0
lateral_anterior__aligned,233,7.766666666666667,-0.6451385698616792,-0.7640655899049683,0.0,-0.6451385698616792,-0.7640655899049683,0.0,47.99348150270234,47.99348150270234,11.907074131761282,11.907074131761282,0.0,0.0
lateral_anterior__aligned,234,7.8,-0.3028917090551399,-0.9530249800428405,0.0,-0.3028917090551399,-0.9530249800428405,0.0,48.386960690938224,48.386960690938224,11.661283203714389,11.661283203714389,0.0,0.0
lateral_anterior__aligned,235,7.833333333333333,0.07353234886534273,-0.9972928324571202,0.0,0.07353234886534273,-0.9972928324571202,0.0,48.76828490624009,48.76828490624009,11.18044359061198,11.18044359061198,0.0,0.0
lateral_anterior__aligned,236,7.866666666666666,0.42164239355167626,-0.9067622025426586,0.0,0.42164239355167626,-0.9067622025426586,0.0,49.12994196220238,49.12994196220238,10.485570290871088,10.485570290871088,0.0,0.0
lateral_anterior__aligned,237,7.9,0.6965609025344773,-0.717497671815285,0.0,0.6965609025344773,-0.717497671815285,0.0,49.46527922165619,49.46527922165619,9.607032602062397,9.607032602062397,0.0,0.0
lateral_anterior__aligned,238,7.933333333333334,0.8791655513733436,-0.4765164564612693,0.0,0.8791655513733436,-0.4765164564612693,0.0,49.768794348836394,49.768794348836394,8.583226836878456,8.583226836878456,0.0,0.0
lateral_anterior__aligned,239,7.966666666666667,0.9738696657234184,-0.2271076268727173,0.0,0.9738696657234184,-0.2271076268727173,0.0,50.03637578785779,50.03637578785779,7.458898220022894,7.458898220022894,0.0,0.0
lateral_anterior__opposed,0,0.0,1.0,0.0,0.0,1.0,0.0,0.0,0.0,0.0,6.283185307179586,6.283185307179586,0.0,0.0
lateral_anterior__opposed,1,0.03333333333333333,0.9738696657234194,0.22710762687271288,0.0,0.9820472032286666,0.18863533770413773,0.0,0.22910666957889445,0.18977235089974462,7.4588982200228955,5.107472394336277,-0.03933431867914983,0.0
lateral_anterior__opposed,2,0.06666666666666667,0.8791655513733433,0.4765164564612698,0.0,0.9423973173542818,0.3344955847891763,0.0,0.4966881086002982,0.3410699323569799,8.58322683687846,3.983143777480713,-0.1556181762433183,0.0
lateral_anterior__opposed,3,0.1,0.696560902534475,0.7174976718152872,0.0,0.8976299927068346,0.44074981133646324,0.0,0.8002032357805059,0.45643382565541135,9.607032602062407,2.9593380122967643,-0.34376941012509454,0.0
lateral_anterior__opposed,4,0.13333333333333333,0.42164239355168126,0.9067622025426563,0.0,0.8577212328745802,0.5141150519836101,0.0,1.1355404952343058,0.5399755866802506,10.485570290871078,2.080800323488096,-0.5955649085540552,0.0
lateral_anterior__opposed,5,0.16666666666666666,0.07353234886534646,0.9972928324571199,0.0,0.8269147534873307,0.5623272983458896,0.0,1.4971975511965976,0.5971975511965977,11.180443590611974,1.3859270237471986,-0.8999999999999999,0.0
lateral_anterior__opposed,6,0.2,-0.30289170905513696,0.9530249800428414,0.0,0.8052185684163887,0.5929781252942317,0.0,1.8785217664984646,0.6347523563733699,11.661283203714387,0.9050874106447857,-1.2437694101250947,0.0
lateral_anterior__opposed,7,0.23333333333333334,-0.645138569861675,0.7640655899049719,0.0,0.7898989129438475,0.613237072697116,0.0,2.2720009547343487,0.6601521886161249,11.90707413176128,0.6592964825978909,-1.6118487661182237,0.0
lateral_anterior__opposed,8,0.26666666666666666,-0.8906602990043825,0.4546693653386206,0.0,0.7766661580294005,0.6299124375433861,0.0,2.6695916988554442,0.6814404649736685,11.907074131761282,0.65929648259789,-1.9881512338817757,0.0
lateral_anterior__opposed,9,0.3,-0.9969187497449565,0.07844110151542173,0.0,0.7604176879103536,0.6494343230174027,0.0,3.0630708870913286,0.7068402972164232,11.661283203714387,0.9050874106447857,-2.3562305898749054,0.0
lateral_anterior__opposed,10,0.3333333333333333,-0.9545045584902616,-0.29819632429208587,0.0,0.73549787139722,0.677527033534573,0.0,3.4443951023931954,0.7443951023931954,11.180443590611976,1.3859270237471977,-2.7,0.0
lateral_anterior__opposed,11,0.36666666666666664,-0.7872501876897112,-0.616633717844325,0.0,0.6955457861449008,0.718481773864913,0.0,3.806052158355487,0.8016170669095424,10.485570290871078,2.080800323488094,-3.004435091445945,0.0
lateral_anterior__opposed,12,0.4,-0.5404733117207987,-0.8413611586694221,0.0,0.6331665741823593,0.7740155614315353,0.0,4.141389417809287,0.885158827934382,9.607032602062409,2.9593380122967634,-3.256230589874905,0.0
lateral_anterior__opposed,13,0.43333333333333335,-0.2643061673452533,-0.9644388264183804,0.0,0.5398623773221947,0.841753297321744,0.0,4.4449045449894955,1.0005227212328132,8.58322683687846,3.9831437774807132,-3.4443818237566823,0.0
lateral_anterior__opposed,14,0.4666666666666667,9.700362605658954e-05,-0.9999999952951483,0.0,0.4068252583841234,0.9135059984152766,0.0,4.712485984010899,1.1518203026900489,7.4588982200228955,5.107472394336277,-3.5606656813208497,0.0
lateral_anterior__opposed,15,0.5,0.22720209469308678,-0.9738476308781953,0.0,0.22720209469308722,0.9738476308781951,0.0,4.941592653589793,1.341592653589793,6.283185307179587,6.283185307179585,-3.5999999999999996,0.0
lateral_anterior__opposed,16,0.5333333333333333,0.406825258384124,-0.9135059984152762,0.0,9.700362605727856e-05,0.9999999952951483,0.0,5.131365004489538,1.5706993231686872,5.107472394336279,7.458898220022894,-3.560665681320851,0.0
lateral_anterior__opposed,17,0.5666666666666667,0.5398623773221946,-0.8417532973217441,0.0,-0.2643061673452531,0.9644388264183805,0.0,5.282662585946773,1.8382807621900907,3.9831437774807146,8.583226836878458,-3.4443818237566823,0.0
lateral_anterior__opposed,18,0.6,0.6331665741823599,-0.7740155614315349,0.0,-0.5404733117207982,0.8413611586694224,0.0,5.398026479245205,2.141795889370299,2.9593380122967647,9.607032602062407,-3.256230589874906,0.0
lateral_anterior__opposed,19,0.6333333333333333,0.6955457861449008,-0.718481773864913,0.0,-0.7872501876897104,0.6166337178443259,0.0,5.481568240270044,2.477133148824098,2.080800323488096,10.485570290871078,-3.004435091445946,0.0
lateral_anterior__opposed,20,0.6666666666666666,0.73549787139722,-0.677527033534573,0.0,-0.9545045584902613,0.2981963242920869,0.0,5.538790204786391,2.83879020478639,1.3859270237471994,11.180443590611972,-2.700000000000001,0.0
lateral_anterior__opposed,21,0.7,0.7604176879103531,-0.6494343230174032,0.0,-0.9969187497449565,-0.07844110151542148,0.0,5.576345009963163,3.2201144200882577,0.9050874106447857,11.661283203714387,-2.356230589874905,0.0
lateral_anterior__opposed,22,0.7333333333333333,0.7766661580294008,-0.6299124375433858,0.0,-0.8906602990043831,-0.45466936533861924,0.0,5.601744842205918,3.6135936083241407,0.6592964825978909,11.90707413176128,-1.9881512338817777,0.0
lateral_anterior__opposed,23,0.7666666666666667,0.7898989129438475,-0.613237072697116,0.0,-0.6451385698616745,-0.7640655899049723,0.0,5.623033118563462,4.011184352445238,0.6592964825978909,11.90707413176128,-1.6118487661182233,0.0
lateral_anterior__opposed,24,0.8,0.8052185684163887,-0.5929781252942317,0.0,-0.3028917090551374,-0.9530249800428413,0.0,5.6484329508062165,4.404663540681121,0.9050874106447857,11.661283203714387,-1.2437694101250951,0.0
lateral_anterior__opposed,25,0.8333333333333334,0.8269147534873308,-0.5623272983458895,0.0,0.07353234886534621,-0.9972928324571199,0.0,5.685987755982989,4.785987755982989,1.3859270237471986,11.180443590611974,-0.9000000000000004,0.0
lateral_anterior__opposed,26,0.8666666666666667,0.8577212328745804,-0.51411505198361,0.0,0.42164239355168187,-0.9067622025426559,0.0,5.743209720499336,5.147644811945281,2.080800323488096,10.485570290871078,-0.5955649085540546,0.0
lateral_anterior__opposed,27,0.9,0.8976299927068346,-0.44074981133646335,0.0,0.6965609025344747,-0.7174976718152876,0.0,5.826751481524175,5.48298207139908,2.959338012296763,9.607032602062409,-0.34376941012509477,0.0
lateral_anterior__opposed,28,0.9333333333333333,0.942397317354282,-0.3344955847891759,0.0,0.8791655513733432,-0.4765164564612701,0.0,5.942115374822607,5.786497198579288,3.983143777480713,8.58322683687846,-0.15561817624331908,0.0
lateral_anterior__opposed,29,0.9666666666666667,0.9820472032286666,-0.1886353377041378,0.0,0.9738696657234192,-0.22710762687271388,0.0,6.093412956279842,6.054078637600691,5.107472394336273,7.458898220022899,-0.039334318679150826,0.0
lateral_anterior__opposed,30,1.0,1.0,-2.4492935982947064e-16,0.0,1.0,-2.4492935982947064e-16,0.0,6.283185307179586,6.283185307179586,6.283185307179586,6.283185307179586,0.0,0.0
lateral_anterior__opposed,31,1.0333333333333334,0.9820472032286667,0.18863533770413732,0.0,0.9738696657234193,0.2271076268727134,0.0,6.472957658079331,6.5122919767584815,5.107472394336273,7.458898220022899,0.039334318679150826,0.0
lateral_anterior__opposed,32,1.0666666666666667,0.9423973173542821,0.33449558478917546,0.0,0.8791655513733434,0.47651645646126967,0.0,6.6242552395365655,6.779873415779885,3.983143777480713,8.58322683687846,0.15561817624331908,0.0
lateral_anterior__opposed,33,1.1,0.8976299927068344,0.4407498113364637,0.0,0.6965609025344744,0.7174976718152878,0.0,6.739619132834998,7.083388542960093,2.9593380122967616,9.60703260206241,0.34376941012509477,0.0
lateral_anterior__opposed,34,1.1333333333333333,0.8577212328745806,0.5141150519836095,0.0,0.4216423935516823,0.9067622025426557,0.0,6.8231608938598365,7.418725802413891,2.080800323488096,10.485570290871078,0.5955649085540546,0.0
lateral_anterior__opposed,35,1.1666666666666667,0.8269147534873306,0.5623272983458898,0.0,0.07353234886534582,0.99729283245712,0.0,6.880382858376184,7.780382858376185,1.3859270237471977,11.180443590611976,0.9000000000000004,0.0
lateral_anterior__opposed,36,1.2,0.8052185684163885,0.592978125294232,0.0,-0.30289170905513607,0.9530249800428416,0.0,6.917937663552957,8.16170707367805,0.9050874106447857,11.661283203714387,1.2437694101250933,0.0
lateral_anterior__opposed,37,1.2333333333333334,0.7898989129438478,0.6132370726971156,0.0,-0.6451385698616748,0.7640655899049721,0.0,6.943337495795711,8.555186261913935,0.65929648259789,11.907074131761282,1.6118487661182241,0.0
lateral_anterior__opposed,38,1.2666666666666666,0.7766661580294005,0.6299124375433861,0.0,-0.8906602990043819,0.4546693653386216,0.0,6.964625772153255,8.95277700603503,0.65929648259789,11.907074131761282,1.9881512338817746,0.0
lateral_anterior__opposed,39,1.3,0.7604176879103535,0.6494343230174028,0.0,-0.9969187497449565,0.07844110151542241,0.0,6.99002560439601,9.346256194270914,0.9050874106447857,11.661283203714387,2.3562305898749045,0.0
lateral_anterior__opposed,40,1.3333333333333333,0.7354978713972203,0.6775270335345727,0.0,-0.954504558490262,-0.29819632429208476,0.0,7.027580409572781,9.72758040957278,1.3859270237471968,11.180443590611976,2.6999999999999993,0.0
lateral_anterior__opposed,41,1.3666666666666667,0.6955457861449005,0.7184817738649133,0.0,-0.7872501876897108,-0.6166337178443254,0.0,7.084802374089129,10.089237465535074,2.080800323488095,10.485570290871078,3.004435091445945,0.0
lateral_anterior__opposed,42,1.4,0.6331665741823596,0.7740155614315352,0.0,-0.5404733117207996,-0.8413611586694214,0.0,7.168344135113968,10.424574724988872,2.9593380122967616,9.60703260206241,3.256230589874904,0.0
lateral_anterior__opposed,43,1.4333333333333333,0.5398623773221957,0.8417532973217433,0.0,-0.2643061673452544,-0.9644388264183801,0.0,7.2837080284123985,10.72808985216908,3.9831437774807132,8.58322683687846,3.4443818237566823,0.0
lateral_anterior__opposed,44,1.4666666666666666,0.4068252583841244,0.9135059984152761,0.0,9.700362605456825e-05,-0.9999999952951483,0.0,7.435005609869634,10.995671291190483,5.107472394336272,7.458898220022901,3.560665681320849,0.0
lateral_anterior__opposed,45,1.5,0.22720209469308725,0.9738476308781951,0.0,0.2272020946930874,-0.9738476308781951,0.0,7.6247779607693795,11.22477796076938,6.283185307179585,6.283185307179587,3.6000000000000005,0.0
lateral_anterior__opposed,46,1.5333333333333334,9.700362605530304e-05,0.9999999952951483,0.0,0.40682525838412376,-0.9135059984152764,0.0,7.853884630348276,11.414550311669124,7.458898220022899,5.107472394336273,3.560665681320849,0.0
lateral_anterior__opposed,47,1.5666666666666667,-0.2643061673452537,0.9644388264183803,0.0,0.539862377322195,-0.8417532973217438,0.0,8.121466069369678,11.56584789312636,8.583226836878458,3.9831437774807146,3.4443818237566823,0.0
lateral_anterior__opposed,48,1.6,-0.540473311720799,0.8413611586694218,0.0,0.6331665741823583,-0.7740155614315362,0.0,8.424981196549886,11.68121178642479,9.607032602062409,2.959338012296763,3.256230589874903,0.0
lateral_anterior__opposed,49,1.6333333333333333,-0.7872501876897103,0.616633717844326,0.0,0.6955457861448999,-0.7184817738649137,0.0,8.760318456003684,11.76475354744963,10.485570290871078,2.080800323488096,3.004435091445945,0.0
lateral_anterior__opposed,50,1.6666666666666667,-0.9545045584902617,0.2981963242920855,0.0,0.7354978713972198,-0.6775270335345732,0.0,9.121975511965978,11.821975511965977,11.180443590611976,1.3859270237471977,2.6999999999999993,0.0
lateral_anterior__opposed,51,1.7,-0.9969187497449565,-0.07844110151542169,0.0,0.7604176879103529,-0.6494343230174033,0.0,9.503299727267844,11.859530317142749,11.661283203714387,0.9050874106447857,2.3562305898749045,0.0
lateral_anterior__opposed,52,1.7333333333333334,-0.8906602990043823,-0.45466936533862096,0.0,0.7766661580294012,-0.6299124375433852,0.0,9.89677891550373,11.884930149385506,11.907074131761282,0.65929648259789,1.9881512338817764,0.0
lateral_anterior__opposed,53,1.7666666666666666,-0.6451385698616767,-0.7640655899049704,0.0,0.7898989129438468,-0.6132370726971169,0.0,10.294369659624822,11.906218425743047,11.907074131761282,0.65929648259789,1.611848766118225,0.0
lateral_anterior__opposed,54,1.8,-0.30289170905513846,-0.953024980042841,0.0,0.8052185684163891,-0.5929781252942312,0.0,10.687848847860707,11.931618257985804,11.661283203714387,0.9050874106447857,1.243769410125097,0.0
lateral_anterior__opposed,55,1.8333333333333333,0.0735323488653442,-0.9972928324571201,0.0,0.8269147534873307,-0.5623272983458897,0.0,11.069173063162573,11.969173063162575,11.180443590611976,1.385927023747196,0.9000000000000021,0.0
lateral_anterior__opposed,56,1.8666666666666667,0.4216423935516808,-0.9067622025426565,0.0,0.8577212328745806,-0.5141150519836094,0.0,11.430830119124867,12.026395027678923,10.485570290871078,2.080800323488096,0.5955649085540564,0.0
lateral_anterior__opposed,57,1.9,0.6965609025344746,-0.7174976718152877,0.0,0.8976299927068345,-0.44074981133646357,0.0,11.766167378578666,12.109936788703761,9.607032602062414,2.959338012296759,0.34376941012509477,0.0
lateral_anterior__opposed,58,1.9333333333333333,0.8791655513733426,-0.4765164564612711,0.0,0.9423973173542816,-0.334495584789177,0.0,12.069682505758873,12.225300682002192,8.58322683687846,3.983143777480713,0.15561817624331908,0.0
lateral_anterior__opposed,59,1.9666666666666666,0.9738696657234192,-0.22710762687271413,0.0,0.9820472032286661,-0.18863533770413976,0.0,12.337263944780277,12.376598263459426,7.458898220022899,5.107472394336273,0.03933431867914905,0.0
lateral_anterior__opposed,60,2.0,1.0,-4.898587196589413e-16,0.0,1.0,-4.898587196589413e-16,0.0,12.566370614359172,12.566370614359172,6.283185307179586,6.283185307179586,0.0,0.0
lateral_anterior__opposed,61,2.033333333333333,0.9738696657234197,0.22710762687271144,0.0,0.9820472032286667,0.18863533770413707,0.0,12.795477283938066,12.756142965258917,7.458898220022892,5.1074723943362805,-0.03933431867914905,0.0
lateral_anterior__opposed,62,2.066666666666667,0.8791655513733431,0.4765164564612702,0.0,0.9423973173542819,0.33449558478917607,0.0,13.063058722959472,12.907440546716153,8.583226836878467,3.9831437774807057,-0.15561817624331908,0.0
lateral_anterior__opposed,63,2.1,0.6965609025344752,0.717497671815287,0.0,0.897629992706835,0.4407498113364627,0.0,13.366573850139678,13.022804440014584,9.60703260206241,2.9593380122967616,-0.34376941012509477,0.0
lateral_anterior__opposed,64,2.1333333333333333,0.4216423935516817,0.906762202542656,0.0,0.8577212328745811,0.5141150519836086,0.0,13.701911109593478,13.106346201039422,10.485570290871078,2.080800323488096,-0.5955649085540564,0.0
lateral_anterior__opposed,65,2.1666666666666665,0.07353234886534872,0.9972928324571197,0.0,0.8269147534873312,0.5623272983458889,0.0,14.063568165555768,13.16356816555577,11.180443590611972,1.3859270237472012,-0.8999999999999986,0.0
lateral_anterior__opposed,66,2.2,-0.30289170905513924,0.9530249800428406,0.0,0.8052185684163886,0.5929781252942318,0.0,14.44489238085764,13.201122970732543,11.661283203714389,0.9050874106447839,-1.243769410125097,0.0
lateral_anterior__opposed,67,2.2333333333333334,-0.645138569861676,0.7640655899049711,0.0,0.7898989129438475,0.6132370726971161,0.0,14.838371569093523,13.226522802975298,11.907074131761282,0.65929648259789,-1.611848766118225,0.0
lateral_anterior__opposed,68,2.2666666666666666,-0.8906602990043818,0.45466936533862184,0.0,0.7766661580294018,0.6299124375433846,0.0,15.235962313214616,13.24781107933284,11.907074131761282,0.65929648259789,-1.9881512338817764,0.0
lateral_anterior__opposed,69,2.3,-0.9969187497449563,0.07844110151542444,0.0,0.7604176879103548,0.6494343230174013,0.0,15.629441501450499,13.273210911575594,11.66128320371439,0.905087410644783,-2.3562305898749045,0.0
lateral_anterior__opposed,70,2.3333333333333335,-0.954504558490261,-0.2981963242920879,0.0,0.7354978713972204,0.6775270335345724,0.0,16.01076571675237,13.310765716752368,11.180443590611972,1.3859270237472003,-2.700000000000003,0.0
lateral_anterior__opposed,71,2.3666666666666667,-0.7872501876897109,-0.6166337178443252,0.0,0.6955457861449007,0.7184817738649131,0.0,16.37242277271466,13.367987681268716,10.485570290871078,2.080800323488095,-3.004435091445945,0.0
lateral_anterior__opposed,72,2.4,-0.5404733117207998,-0.8413611586694213,0.0,0.6331665741823591,0.7740155614315356,0.0,16.70776003216846,13.451529442293555,9.60703260206241,2.9593380122967616,-3.256230589874903,0.0
lateral_anterior__opposed,73,2.433333333333333,-0.26430616734525464,-0.9644388264183801,0.0,0.5398623773221959,0.8417532973217432,0.0,17.011275159348667,13.566893335591985,8.583226836878469,3.9831437774807044,-3.4443818237566823,0.0
lateral_anterior__opposed,74,2.466666666666667,9.700362605787604e-05,-0.9999999952951483,0.0,0.40682525838412464,0.913505998415276,0.0,17.278856598370073,13.71819091704922,7.458898220022893,5.10747239433628,-3.5606656813208524,0.0
lateral_anterior__opposed,75,2.5,0.22720209469308716,-0.9738476308781951,0.0,0.22720209469308833,0.9738476308781949,0.0,17.507963267948966,13.907963267948965,6.283185307179587,6.283185307179585,-3.6000000000000014,0.0
lateral_anterior__opposed,76,2.533333333333333,0.40682525838412353,-0.9135059984152765,0.0,9.700362605910069e-05,0.9999999952951483,0.0,17.69773561884871,14.137069937527858,5.1074723943362805,7.458898220022892,-3.5606656813208524,0.0
lateral_anterior__opposed,77,2.566666666666667,0.5398623773221949,-0.8417532973217439,0.0,-0.2643061673452569,0.9644388264183794,0.0,17.849033200305946,14.404651376549268,3.9831437774807052,8.583226836878467,-3.444381823756679,0.0
lateral_anterior__opposed,78,2.6,0.6331665741823581,-0.7740155614315364,0.0,-0.5404733117207988,0.841361158669422,0.0,17.964397093604376,14.708166503729473,2.959338012296763,9.607032602062409,-3.256230589874903,0.0
lateral_anterior__opposed,79,2.6333333333333333,0.6955457861449024,-0.7184817738649115,0.0,-0.7872501876897112,0.6166337178443249,0.0,18.04793885462922,15.043503763183272,2.080800323488096,10.485570290871078,-3.004435091445947,0.0
lateral_anterior__opposed,80,2.6666666666666665,0.7354978713972197,-0.6775270335345733,0.0,-0.9545045584902605,0.2981963242920891,0.0,18.105160819145564,15.40516081914556,1.3859270237472021,11.18044359061197,-2.700000000000003,0.0
lateral_anterior__opposed,81,2.7,0.7604176879103528,-0.6494343230174036,0.0,-0.9969187497449565,-0.07844110151542144,0.0,18.142715624322335,15.78648503444743,0.9050874106447848,11.661283203714387,-2.3562305898749045,0.0
lateral_anterior__opposed,82,2.7333333333333334,0.7766661580293999,-0.6299124375433869,0.0,-0.8906602990043816,-0.45466936533862234,0.0,18.16811545656509,16.179964222683317,0.65929648259789,11.907074131761282,-1.9881512338817728,0.0
lateral_anterior__opposed,83,2.7666666666666666,0.7898989129438456,-0.6132370726971185,0.0,-0.6451385698616755,-0.7640655899049714,0.0,18.18940373292263,16.57755496680441,0.65929648259789,11.907074131761282,-1.6118487661182215,0.0
lateral_anterior__opposed,84,2.8,0.805218568416389,-0.5929781252942313,0.0,-0.30289170905513874,-0.9530249800428409,0.0,18.21480356516539,16.971034155040293,0.9050874106447839,11.661283203714389,-1.243769410125097,0.0
lateral_anterior__opposed,85,2.8333333333333335,0.8269147534873305,-0.5623272983458899,0.0,0.0735323488653475,-0.9972928324571197,0.0,18.25235837034216,17.352358370342163,1.3859270237472012,11.180443590611972,-0.8999999999999986,0.0
lateral_anterior__opposed,86,2.8666666666666667,0.8577212328745787,-0.5141150519836127,0.0,0.4216423935516806,-0.9067622025426565,0.0,18.309580334858506,17.714015426304453,2.080800323488096,10.485570290871078,-0.5955649085540529,0.0
lateral_anterior__opposed,87,2.9,0.8976299927068352,-0.4407498113364622,0.0,0.6965609025344731,-0.7174976718152891,0.0,18.39312209588335,18.04935268575825,2.959338012296759,9.607032602062414,-0.3437694101250983,0.0
lateral_anterior__opposed,88,2.933333333333333,0.9423973173542814,-0.33449558478917724,0.0,0.8791655513733408,-0.47651645646127444,0.0,18.50848598918178,18.352867812938456,3.9831437774807035,8.583226836878469,-0.15561817624332264,0.0
lateral_anterior__opposed,89,2.966666666666667,0.9820472032286671,-0.18863533770413476,0.0,0.9738696657234195,-0.22710762687271263,0.0,18.659783570639018,18.620449251959865,5.107472394336279,7.458898220022894,-0.0393343186791526,0.0
lateral_anterior__opposed,90,3.0,1.0,-7.347880794884119e-16,0.0,1.0,-7.347880794884119e-16,0.0,18.84955592153876,18.84955592153876,6.283185307179586,6.283185307179586,0.0,0.0
lateral_anterior__opposed,91,3.033333333333333,0.9820472032286675,0.18863533770413332,0.0,0.9738696657234198,0.22710762687271122,0.0,19.0393282724385,19.078662591117652,5.1074723943362805,7.458898220022892,0.0393343186791526,0.0
lateral_anterior__opposed,92,3.066666666666667,0.942397317354282,0.33449558478917585,0.0,0.8791655513733415,0.47651645646127316,0.0,19.19062585389574,19.34624403013906,3.9831437774807057,8.583226836878467,0.15561817624332264,0.0
lateral_anterior__opposed,93,3.1,0.8976299927068359,0.44074981133646085,0.0,0.6965609025344741,0.7174976718152881,0.0,19.305989747194168,19.649759157319266,2.9593380122967616,9.60703260206241,0.3437694101250983,0.0
lateral_anterior__opposed,94,3.1333333333333333,0.8577212328745795,0.5141150519836114,0.0,0.4216423935516819,0.9067622025426559,0.0,19.38953150821901,19.985096416773064,2.080800323488096,10.485570290871078,0.5955649085540529,0.0
lateral_anterior__opposed,95,3.1666666666666665,0.8269147534873313,0.5623272983458887,0.0,0.07353234886534896,0.9972928324571197,0.0,19.446753472735356,20.346753472735355,1.3859270237472012,11.180443590611972,0.8999999999999986,0.0
lateral_anterior__opposed,96,3.2,0.8052185684163898,0.5929781252942302,0.0,-0.3028917090551373,0.9530249800428413,0.0,19.484308277912127,20.728077688037224,0.9050874106447839,11.661283203714389,1.243769410125097,0.0
lateral_anterior__opposed,97,3.2333333333333334,0.7898989129438465,0.6132370726971174,0.0,-0.6451385698616744,0.7640655899049724,0.0,19.509708110154886,21.121556876273107,0.65929648259789,11.907074131761282,1.6118487661182215,0.0
lateral_anterior__opposed,98,3.2666666666666666,0.7766661580294009,0.6299124375433857,0.0,-0.8906602990043809,0.4546693653386236,0.0,19.530996386512427,21.5191476203942,0.65929648259789,11.907074131761282,1.9881512338817728,0.0
lateral_anterior__opposed,99,3.3,0.7604176879103538,0.6494343230174024,0.0,-0.9969187497449564,0.07844110151542291,0.0,19.556396218755182,21.912626808630087,0.905087410644783,11.66128320371439,2.3562305898749045,0.0
lateral_anterior__opposed,100,3.3333333333333335,0.7354978713972207,0.6775270335345723,0.0,-0.954504558490261,-0.2981963242920877,0.0,19.593951023931954,22.293951023931957,1.3859270237472003,11.180443590611972,2.700000000000003,0.0
lateral_anterior__opposed,101,3.3666666666666667,0.6955457861449008,0.718481773864913,0.0,-0.7872501876897132,-0.6166337178443223,0.0,19.6511729884483,22.655608079894243,2.080800323488095,10.485570290871078,3.0044350914459415,0.0
lateral_anterior__opposed,102,3.4,0.6331665741823592,0.7740155614315354,0.0,-0.5404733117208,-0.8413611586694212,0.0,19.73471474947314,22.990945339348045,2.9593380122967616,9.60703260206241,3.256230589874903,0.0
lateral_anterior__opposed,103,3.433333333333333,0.5398623773221961,0.8417532973217431,0.0,-0.2643061673452583,-0.9644388264183791,0.0,19.85007864277157,23.29446046652825,3.9831437774807044,8.583226836878469,3.444381823756679,0.0
lateral_anterior__opposed,104,3.466666666666667,0.40682525838412165,0.9135059984152774,0.0,9.70036260576311e-05,-0.9999999952951483,0.0,20.00137622422881,23.56204190554966,5.10747239433628,7.458898220022893,3.560665681320849,0.0
lateral_anterior__opposed,105,3.5,0.22720209469308858,0.9738476308781948,0.0,0.22720209469308691,-0.9738476308781953,0.0,20.19114857512855,23.791148575128553,6.283185307179585,6.283185307179587,3.6000000000000014,0.0
lateral_anterior__opposed,106,3.533333333333333,9.700362605934561e-05,0.9999999952951483,0.0,0.4068252583841201,-0.913505998415278,0.0,20.420255244707445,23.980920926028293,7.458898220022892,5.1074723943362805,3.560665681320849,0.0
lateral_anterior__opposed,107,3.566666666666667,-0.2643061673452567,0.9644388264183795,0.0,0.5398623773221947,-0.841753297321744,0.0,20.687836683728854,24.132218507485533,8.583226836878467,3.9831437774807052,3.444381823756679,0.0
lateral_anterior__opposed,108,3.6,-0.5404733117207986,0.8413611586694221,0.0,0.6331665741823579,-0.7740155614315365,0.0,20.99135181090906,24.247582400783962,9.607032602062409,2.959338012296763,3.256230589874903,0.0
lateral_anterior__opposed,109,3.6333333333333333,-0.78725018768971,0.6166337178443264,0.0,0.6955457861449021,-0.7184817738649116,0.0,21.326689070362857,24.331124161808805,10.485570290871078,2.080800323488096,3.0044350914459486,0.0
lateral_anterior__opposed,110,3.6666666666666665,-0.9545045584902605,0.2981963242920893,0.0,0.7354978713972194,-0.6775270335345736,0.0,21.688346126325147,24.38834612632515,11.18044359061197,1.3859270237472021,2.700000000000003,0.0
lateral_anterior__opposed,111,3.7,-0.9969187497449566,-0.07844110151542119,0.0,0.7604176879103527,-0.6494343230174038,0.0,22.069670341627017,24.42590093150192,11.661283203714387,0.9050874106447848,2.3562305898749045,0.0
lateral_anterior__opposed,112,3.7333333333333334,-0.8906602990043817,-0.4546693653386221,0.0,0.7766661580293998,-0.629912437543387,0.0,22.463149529862903,24.451300763744676,11.907074131761282,0.65929648259789,1.9881512338817728,0.0
lateral_anterior__opposed,113,3.7666666666666666,-0.6451385698616757,-0.7640655899049713,0.0,0.7898989129438455,-0.6132370726971187,0.0,22.860740273983996,24.472589040102218,11.907074131761282,0.65929648259789,1.6118487661182215,0.0
lateral_anterior__opposed,114,3.8,-0.30289170905513896,-0.9530249800428408,0.0,0.8052185684163888,-0.5929781252942316,0.0,23.25421946221988,24.497988872344976,11.661283203714389,0.9050874106447839,1.243769410125097,0.0
lateral_anterior__opposed,115,3.8333333333333335,0.07353234886534725,-0.9972928324571199,0.0,0.8269147534873303,-0.56232729834589,0.0,23.63554367752175,24.535543677521748,11.180443590611972,1.3859270237472012,0.8999999999999986,0.0
lateral_anterior__opposed,116,3.8666666666666667,0.4216423935516804,-0.9067622025426566,0.0,0.8577212328745786,-0.5141150519836128,0.0,23.99720073348404,24.592765642038092,10.485570290871078,2.080800323488096,0.5955649085540529,0.0
lateral_anterior__opposed,117,3.9,0.6965609025344729,-0.7174976718152892,0.0,0.8976299927068351,-0.4407498113364624,0.0,24.332537992937837,24.676307403062935,9.607032602062414,2.959338012296759,0.3437694101250983,0.0
lateral_anterior__opposed,118,3.933333333333333,0.8791655513733407,-0.47651645646127466,0.0,0.9423973173542814,-0.33449558478917746,0.0,24.636053120118042,24.791671296361365,8.583226836878469,3.9831437774807035,0.15561817624332264,0.0
lateral_anterior__opposed,119,3.966666666666667,0.9738696657234194,-0.22710762687271288,0.0,0.9820472032286671,-0.18863533770413501,0.0,24.90363455913945,24.942968877818604,7.458898220022894,5.107472394336279,0.0393343186791526,0.0
lateral_anterior__opposed,120,4.0,1.0,-9.797174393178826e-16,0.0,1.0,-9.797174393178826e-16,0.0,25.132741228718345,25.132741228718345,6.283185307179586,6.283185307179586,0.0,0.0
lateral_anterior__opposed,121,4.033333333333333,0.9738696657234198,0.22710762687271097,0.0,0.9820472032286675,0.1886353377041331,0.0,25.36184789829724,25.322513579618086,7.458898220022892,5.1074723943362805,-0.0393343186791526,0.0
lateral_anterior__opposed,122,4.066666666666666,0.879165551373345,0.47651645646126667,0.0,0.9423973173542821,0.3344955847891756,0.0,25.62942933731864,25.473811161075325,8.583226836878453,3.98314377748072,-0.15561817624331553,0.0
lateral_anterior__opposed,123,4.1,0.6965609025344794,0.7174976718152829,0.0,0.897629992706836,0.44074981133646063,0.0,25.932944464498846,25.589175054373754,9.607032602062398,2.959338012296774,-0.3437694101250912,0.0
lateral_anterior__opposed,124,4.133333333333334,0.42164239355167893,0.9067622025426573,0.0,0.8577212328745814,0.5141150519836082,0.0,26.268281723952654,25.672716815398594,10.485570290871088,2.080800323488085,-0.59556490855406,0.0
lateral_anterior__opposed,125,4.166666666666667,0.07353234886534211,0.9972928324571202,0.0,0.8269147534873315,0.5623272983458885,0.0,26.629938779914948,25.729938779914942,11.18044359061198,1.3859270237471932,-0.9000000000000057,0.0
lateral_anterior__opposed,126,4.2,-0.30289170905513707,0.9530249800428414,0.0,0.80521856841639,0.59297812529423,0.0,27.01126299521681,25.767493585091714,11.661283203714389,0.9050874106447839,-1.243769410125097,0.0
lateral_anterior__opposed,127,4.233333333333333,-0.6451385698616743,0.7640655899049725,0.0,0.7898989129438466,0.6132370726971171,0.0,27.404742183452694,25.792893417334472,11.907074131761282,0.65929648259789,-1.6118487661182215,0.0
lateral_anterior__opposed,128,4.266666666666667,-0.8906602990043808,0.45466936533862384,0.0,0.776666158029401,0.6299124375433856,0.0,27.802332927573786,25.814181693692014,11.907074131761282,0.65929648259789,-1.9881512338817728,0.0
lateral_anterior__opposed,129,4.3,-0.9969187497449564,0.07844110151542315,0.0,0.7604176879103539,0.6494343230174022,0.0,28.195812115809673,25.83958152593477,11.66128320371439,0.905087410644783,-2.3562305898749045,0.0
lateral_anterior__opposed,130,4.333333333333333,-0.9545045584902632,-0.2981963242920807,0.0,0.7354978713972208,0.6775270335345721,0.0,28.577136331111536,25.87713633111154,11.18044359061198,1.3859270237471932,-2.6999999999999957,0.0
lateral_anterior__opposed,131,4.366666666666666,-0.7872501876897134,-0.6166337178443221,0.0,0.695545786144901,0.7184817738649127,0.0,28.93879338707383,25.934358295627888,10.485570290871088,2.080800323488085,-3.0044350914459415,0.0
lateral_anterior__opposed,132,4.4,-0.5404733117207943,-0.8413611586694248,0.0,0.6331665741823594,0.7740155614315353,0.0,29.274130646527638,26.017900056652728,9.607032602062398,2.959338012296774,-3.25623058987491,0.0
lateral_anterior__opposed,133,4.433333333333334,-0.2643061673452517,-0.9644388264183809,0.0,0.5398623773221963,0.841753297321743,0.0,29.577645773707843,26.133263949951157,8.583226836878453,3.9831437774807203,-3.444381823756686,0.0
lateral_anterior__opposed,134,4.466666666666667,9.700362605738618e-05,-0.9999999952951483,0.0,0.40682525838412187,0.9135059984152772,0.0,29.845227212729245,26.284561531408396,7.458898220022893,5.10747239433628,-3.560665681320849,0.0
lateral_anterior__opposed,135,4.5,0.22720209469308666,-0.9738476308781953,0.0,0.22720209469308883,0.9738476308781948,0.0,30.07433388230814,26.474333882308137,6.283185307179587,6.283185307179585,-3.6000000000000014,0.0
lateral_anterior__opposed,136,4.533333333333333,0.40682525838411987,-0.9135059984152781,0.0,9.700362605959054e-05,0.9999999952951483,0.0,30.26410623320788,26.70344055188703,5.1074723943362805,7.458898220022892,-3.560665681320849,0.0
lateral_anterior__opposed,137,4.566666666666666,0.5398623773221944,-0.8417532973217441,0.0,-0.2643061673452496,0.9644388264183814,0.0,30.41540381466512,26.971021990908433,3.9831437774807212,8.58322683687845,-3.444381823756686,0.0
lateral_anterior__opposed,138,4.6,0.6331665741823578,-0.7740155614315366,0.0,-0.5404733117207924,0.8413611586694261,0.0,30.530767707963548,27.274537118088638,2.959338012296775,9.607032602062397,-3.25623058987491,0.0
lateral_anterior__opposed,139,4.633333333333334,0.6955457861448994,-0.7184817738649143,0.0,-0.7872501876897121,0.6166337178443237,0.0,30.614309468988388,27.609874377542447,2.080800323488086,10.485570290871086,-3.0044350914459415,0.0
lateral_anterior__opposed,140,4.666666666666667,0.7354978713972193,-0.6775270335345738,0.0,-0.9545045584902625,0.29819632429208276,0.0,30.671531433504736,27.97153143350474,1.385927023747195,11.180443590611977,-2.6999999999999957,0.0
lateral_anterior__opposed,141,4.7,0.7604176879103525,-0.6494343230174039,0.0,-0.9969187497449566,-0.07844110151542096,0.0,30.709086238681508,28.352855648806603,0.9050874106447848,11.661283203714387,-2.3562305898749045,0.0
lateral_anterior__opposed,142,4.733333333333333,0.7766661580293996,-0.6299124375433872,0.0,-0.8906602990043818,-0.4546693653386219,0.0,30.734486070924262,28.74633483704249,0.65929648259789,11.907074131761282,-1.9881512338817728,0.0
lateral_anterior__opposed,143,4.766666666666667,0.7898989129438453,-0.6132370726971189,0.0,-0.645138569861676,-0.7640655899049711,0.0,30.755774347281804,29.143925581163582,0.65929648259789,11.907074131761282,-1.6118487661182215,0.0
lateral_anterior__opposed,144,4.8,0.8052185684163886,-0.5929781252942318,0.0,-0.3028917090551392,-0.9530249800428408,0.0,30.781174179524562,29.537404769399465,0.9050874106447839,11.661283203714389,-1.243769410125097,0.0
lateral_anterior__opposed,145,4.833333333333333,0.8269147534873302,-0.5623272983458902,0.0,0.07353234886533992,-0.9972928324571204,0.0,30.818728984701334,29.91872898470133,1.3859270237471932,11.18044359061198,-0.9000000000000057,0.0
lateral_anterior__opposed,146,4.866666666666666,0.8577212328745802,-0.5141150519836101,0.0,0.42164239355167693,-0.9067622025426583,0.0,30.875950949217682,30.280386040663622,2.0808003234880834,10.485570290871088,-0.59556490855406,0.0
lateral_anterior__opposed,147,4.9,0.897629992706835,-0.4407498113364626,0.0,0.6965609025344778,-0.7174976718152845,0.0,30.95949271024252,30.61572330011743,2.9593380122967754,9.607032602062397,-0.3437694101250912,0.0
lateral_anterior__opposed,148,4.933333333333334,0.9423973173542813,-0.3344955847891777,0.0,0.879165551373344,-0.4765164564612686,0.0,31.07485660354095,30.919238427297635,3.9831437774807172,8.583226836878456,-0.15561817624331553,0.0
lateral_anterior__opposed,149,4.966666666666667,0.982047203228667,-0.18863533770413526,0.0,0.9738696657234194,-0.2271076268727131,0.0,31.22615418499819,31.186819866319038,5.107472394336279,7.458898220022894,-0.0393343186791526,0.0
lateral_anterior__opposed,150,5.0,1.0,-1.2246467991473533e-15,0.0,1.0,-1.2246467991473533e-15,0.0,31.41592653589793,31.41592653589793,6.283185307179586,6.283185307179586,0.0,0.0
lateral_anterior__opposed,151,5.033333333333333,0.9820472032286675,0.18863533770413285,0.0,0.9738696657234199,0.22710762687271074,0.0,31.605698886797672,31.645033205476825,5.1074723943362805,7.458898220022892,0.0393343186791526,0.0
lateral_anterior__opposed,152,5.066666666666666,0.9423973173542821,0.33449558478917535,0.0,0.8791655513733451,0.47651645646126645,0.0,31.75699646825491,31.912614644498227,3.98314377748072,8.583226836878453,0.15561817624331553,0.0
lateral_anterior__opposed,153,5.1,0.8976299927068361,0.4407498113364604,0.0,0.6965609025344796,0.7174976718152828,0.0,31.87236036155334,32.21612977167843,2.959338012296774,9.607032602062398,0.3437694101250912,0.0
lateral_anterior__opposed,154,5.133333333333334,0.8577212328745797,0.514115051983611,0.0,0.42164239355167915,0.9067622025426573,0.0,31.955902122578184,32.55146703113224,2.080800323488085,10.485570290871088,0.5955649085540564,0.0
lateral_anterior__opposed,155,5.166666666666667,0.8269147534873336,0.5623272983458854,0.0,0.0735323488653459,0.99729283245712,0.0,32.013124087094525,32.91312408709453,1.3859270237471932,11.18044359061198,0.9000000000000057,0.0
lateral_anterior__opposed,156,5.2,0.8052185684163901,0.5929781252942298,0.0,-0.30289170905513685,0.9530249800428414,0.0,32.0506788922713,33.2944483023964,0.9050874106447839,11.661283203714389,1.243769410125097,0.0
lateral_anterior__opposed,157,5.233333333333333,0.789898912943849,0.6132370726971141,0.0,-0.6451385698616767,0.7640655899049704,0.0,32.076078724514055,33.68792749063228,0.65929648259789,11.907074131761282,1.6118487661182286,0.0
lateral_anterior__opposed,158,5.266666666666667,0.7766661580294011,0.6299124375433853,0.0,-0.8906602990043839,0.45466936533861774,0.0,32.0973670008716,34.08551823475338,0.65929648259789,11.907074131761282,1.98815123388178,0.0
lateral_anterior__opposed,159,5.3,0.760417687910354,0.6494343230174021,0.0,-0.9969187497449559,0.07844110151543048,0.0,32.122766833114355,34.47899742298925,0.905087410644783,11.66128320371439,2.3562305898748974,0.0
lateral_anterior__opposed,160,5.333333333333333,0.7354978713972234,0.6775270335345693,0.0,-0.9545045584902622,-0.2981963242920838,0.0,32.16032163829112,34.860321638291126,1.3859270237471932,11.18044359061198,2.700000000000003,0.0
lateral_anterior__opposed,161,5.366666666666666,0.6955457861449011,0.7184817738649126,0.0,-0.7872501876897136,-0.6166337178443219,0.0,32.217543602807474,35.221978694253416,2.080800323488085,10.485570290871088,3.0044350914459415,0.0
lateral_anterior__opposed,162,5.4,0.6331665741823597,0.774015561431535,0.0,-0.5404733117208005,-0.8413611586694208,0.0,32.301085363832314,35.55731595370722,2.959338012296774,9.607032602062398,3.256230589874903,0.0
lateral_anterior__opposed,163,5.433333333333334,0.5398623773221964,0.8417532973217428,0.0,-0.2643061673452519,-0.9644388264183809,0.0,32.41644925713074,35.86083108088743,3.9831437774807203,8.583226836878453,3.444381823756686,0.0
lateral_anterior__opposed,164,5.466666666666667,0.4068252583841253,0.9135059984152757,0.0,9.700362606069396e-05,-0.9999999952951483,0.0,32.56774683858798,36.128412519908835,5.10747239433628,7.458898220022893,3.560665681320856,0.0
lateral_anterior__opposed,165,5.5,0.22720209469308905,0.9738476308781947,0.0,0.2272020946930795,-0.9738476308781969,0.0,32.757519189487724,36.35751918948772,6.283185307179585,6.283185307179587,3.5999999999999943,0.0
lateral_anterior__opposed,166,5.533333333333333,9.700362606338818e-05,0.9999999952951483,0.0,0.40682525838412287,-0.9135059984152768,0.0,32.98662585906661,36.54729154038747,7.458898220022892,5.1074723943362805,3.560665681320856,0.0
lateral_anterior__opposed,167,5.566666666666666,-0.26430616734524937,0.9644388264183815,0.0,0.5398623773221942,-0.8417532973217443,0.0,33.25420729808802,36.698589121844705,8.58322683687845,3.9831437774807212,3.444381823756686,0.0
lateral_anterior__opposed,168,5.6,-0.5404733117207982,0.8413611586694224,0.0,0.6331665741823576,-0.7740155614315368,0.0,33.55772242526823,36.813953015143134,9.607032602062397,2.959338012296775,3.256230589874903,0.0
lateral_anterior__opposed,169,5.633333333333334,-0.7872501876897119,0.616633717844324,0.0,0.6955457861448993,-0.7184817738649145,0.0,33.89305968472203,36.897494776167974,10.485570290871086,2.080800323488086,3.0044350914459415,0.0
lateral_anterior__opposed,170,5.666666666666667,-0.9545045584902614,0.2981963242920864,0.0,0.7354978713972216,-0.6775270335345713,0.0,34.25471674068432,36.954716740684326,11.180443590611977,1.385927023747195,2.700000000000003,0.0
lateral_anterior__opposed,171,5.7,-0.9969187497449561,-0.0784411015154278,0.0,0.7604176879103524,-0.6494343230174041,0.0,34.636040955986196,36.992271545861094,11.661283203714387,0.9050874106447848,2.3562305898748974,0.0
lateral_anterior__opposed,172,5.733333333333333,-0.8906602990043851,-0.45466936533861535,0.0,0.7766661580293994,-0.6299124375433874,0.0,35.02952014422207,37.01767137810385,11.907074131761282,0.65929648259789,1.98815123388178,0.0
lateral_anterior__opposed,173,5.766666666666667,-0.6451385698616788,-0.7640655899049686,0.0,0.7898989129438474,-0.6132370726971162,0.0,35.427110888343165,37.038959654461394,11.907074131761282,0.65929648259789,1.6118487661182286,0.0
lateral_anterior__opposed,174,5.8,-0.3028917090551394,-0.9530249800428406,0.0,0.8052185684163885,-0.592978125294232,0.0,35.82059007657905,37.06435948670415,11.661283203714389,0.9050874106447839,1.243769410125097,0.0
lateral_anterior__opposed,175,5.833333333333333,0.07353234886534321,-0.9972928324571201,0.0,0.8269147534873321,-0.5623272983458876,0.0,36.20191429188092,37.101914291880924,11.18044359061198,1.3859270237471932,0.9000000000000057,0.0
lateral_anterior__opposed,176,5.866666666666666,0.4216423935516767,-0.9067622025426584,0.0,0.8577212328745765,-0.5141150519836164,0.0,36.56357134784321,37.15913625639726,10.485570290871088,2.0808003234880834,0.5955649085540529,0.0
lateral_anterior__opposed,177,5.9,0.6965609025344777,-0.7174976718152847,0.0,0.8976299927068349,-0.44074981133646285,0.0,36.89890860729702,37.24267801742211,9.607032602062397,2.9593380122967754,0.3437694101250912,0.0
lateral_anterior__opposed,178,5.933333333333334,0.8791655513733438,-0.47651645646126883,0.0,0.9423973173542837,-0.33449558478917124,0.0,37.20242373447722,37.358041910720544,8.583226836878456,3.9831437774807172,0.15561817624332264,0.0
lateral_anterior__opposed,179,5.966666666666667,0.9738696657234185,-0.22710762687271682,0.0,0.9820472032286663,-0.18863533770413898,0.0,37.47000517349862,37.50933949217777,7.458898220022894,5.107472394336279,0.0393343186791526,0.0
lateral_anterior__opposed,180,6.0,1.0,-1.4695761589768238e-15,0.0,1.0,-1.4695761589768238e-15,0.0,37.69911184307752,37.69911184307752,6.283185307179586,6.283185307179586,0.0,0.0
lateral_anterior__opposed,181,6.033333333333333,0.9738696657234192,0.22710762687271396,0.0,0.9820472032286669,0.1886353377041361,0.0,37.928218512656414,37.88888419397726,7.458898220022892,5.1074723943362805,-0.0393343186791526,0.0
lateral_anterior__opposed,182,6.066666666666666,0.8791655513733453,0.4765164564612663,0.0,0.9423973173542846,0.33449558478916847,0.0,38.19579995167781,38.04018177543449,8.583226836878453,3.98314377748072,-0.15561817624332264,0.0
lateral_anterior__opposed,183,6.1,0.6965609025344798,0.7174976718152826,0.0,0.8976299927068362,0.4407498113364602,0.0,38.49931507885802,38.15554566873293,9.607032602062398,2.959338012296774,-0.3437694101250912,0.0
lateral_anterior__opposed,184,6.133333333333334,0.4216423935516794,0.9067622025426572,0.0,0.857721232874578,0.5141150519836138,0.0,38.83465233831183,38.239087429757774,10.485570290871088,2.080800323488085,-0.5955649085540529,0.0
lateral_anterior__opposed,185,6.166666666666667,0.07353234886534615,0.9972928324571199,0.0,0.8269147534873338,0.5623272983458851,0.0,39.19630939427412,38.29630939427411,11.18044359061198,1.3859270237471932,-0.9000000000000057,0.0
lateral_anterior__opposed,186,6.2,-0.3028917090551366,0.9530249800428415,0.0,0.8052185684163903,0.5929781252942296,0.0,39.57763360957598,38.333864199450886,11.661283203714389,0.9050874106447839,-1.243769410125097,0.0
lateral_anterior__opposed,187,6.233333333333333,-0.6451385698616766,0.7640655899049705,0.0,0.7898989129438492,0.6132370726971139,0.0,39.97111279781187,38.35926403169364,11.907074131761282,0.65929648259789,-1.6118487661182286,0.0
lateral_anterior__opposed,188,6.266666666666667,-0.8906602990043838,0.45466936533861796,0.0,0.7766661580294013,0.6299124375433851,0.0,40.368703541932966,38.380552308051186,11.907074131761282,0.65929648259789,-1.98815123388178,0.0
lateral_anterior__opposed,189,6.3,-0.9969187497449559,0.07844110151543073,0.0,0.7604176879103542,0.6494343230174019,0.0,40.76218273016884,38.40595214029394,11.66128320371439,0.905087410644783,-2.3562305898748974,0.0
lateral_anterior__opposed,190,6.333333333333333,-0.9545045584902623,-0.2981963242920836,0.0,0.7354978713972236,0.6775270335345691,0.0,41.14350694547071,38.44350694547071,11.18044359061198,1.3859270237471932,-2.700000000000003,0.0
lateral_anterior__opposed,191,6.366666666666666,-0.7872501876897138,-0.6166337178443216,0.0,0.6955457861449014,0.7184817738649124,0.0,41.505164001433,38.50072890998706,10.485570290871088,2.080800323488085,-3.0044350914459415,0.0
lateral_anterior__opposed,192,6.4,-0.5404733117208007,-0.8413611586694207,0.0,0.6331665741823598,0.7740155614315349,0.0,41.8405012608868,38.5842706710119,9.607032602062398,2.959338012296774,-3.256230589874903,0.0
lateral_anterior__opposed,193,6.433333333333334,-0.2643061673452522,-0.9644388264183807,0.0,0.5398623773221967,0.8417532973217426,0.0,42.144016388067016,38.69963456431033,8.583226836878453,3.9831437774807203,-3.444381823756686,0.0
lateral_anterior__opposed,194,6.466666666666667,9.700362606044903e-05,-0.9999999952951483,0.0,0.40682525838412553,0.9135059984152756,0.0,42.41159782708842,38.850932145767565,7.458898220022893,5.10747239433628,-3.560665681320856,0.0
lateral_anterior__opposed,195,6.5,0.2272020946930862,-0.9738476308781954,0.0,0.2272020946930824,0.9738476308781963,0.0,42.64070449666731,39.04070449666732,6.283185307179587,6.283185307179585,-3.5999999999999943,0.0
lateral_anterior__opposed,196,6.533333333333333,0.40682525838412265,-0.9135059984152769,0.0,9.700362606363311e-05,0.9999999952951483,0.0,42.830476847567056,39.2698111662462,5.1074723943362805,7.458898220022892,-3.560665681320856,0.0
lateral_anterior__opposed,197,6.566666666666666,0.539862377322194,-0.8417532973217444,0.0,-0.2643061673452491,0.9644388264183816,0.0,42.98177442902429,39.537392605267605,3.9831437774807212,8.58322683687845,-3.444381823756686,0.0
lateral_anterior__opposed,198,6.6,0.6331665741823573,-0.7740155614315369,0.0,-0.540473311720798,0.8413611586694225,0.0,43.09713832232272,39.84090773244782,2.959338012296775,9.607032602062397,-3.256230589874903,0.0
lateral_anterior__opposed,199,6.633333333333334,0.695545786144899,-0.7184817738649146,0.0,-0.7872501876897118,0.6166337178443242,0.0,43.18068008334756,40.17624499190162,2.080800323488086,10.485570290871086,-3.0044350914459415,0.0
lateral_anterior__opposed,200,6.666666666666667,0.7354978713972214,-0.6775270335345714,0.0,-0.9545045584902613,0.29819632429208665,0.0,43.23790204786391,40.53790204786391,1.385927023747195,11.180443590611977,-2.700000000000003,0.0
lateral_anterior__opposed,201,6.7,0.7604176879103521,-0.6494343230174043,0.0,-0.9969187497449561,-0.07844110151542755,0.0,43.27545685304068,40.91922626316578,0.9050874106447848,11.661283203714387,-2.3562305898748974,0.0
lateral_anterior__opposed,202,6.733333333333333,0.7766661580293993,-0.6299124375433875,0.0,-0.8906602990043853,-0.45466936533861513,0.0,43.300856685283435,41.312705451401655,0.65929648259789,11.907074131761282,-1.98815123388178,0.0
lateral_anterior__opposed,203,6.766666666666667,0.7898989129438472,-0.6132370726971165,0.0,-0.6451385698616791,-0.7640655899049685,0.0,43.32214496164098,41.71029619552275,0.65929648259789,11.907074131761282,-1.6118487661182286,0.0
lateral_anterior__opposed,204,6.8,0.8052185684163884,-0.5929781252942322,0.0,-0.3028917090551396,-0.9530249800428405,0.0,43.347544793883735,42.10377538375864,0.9050874106447839,11.661283203714389,-1.243769410125097,0.0
lateral_anterior__opposed,205,6.833333333333333,0.8269147534873319,-0.5623272983458877,0.0,0.07353234886534298,-0.9972928324571201,0.0,43.38509959906051,42.485099599060504,1.3859270237471932,11.18044359061198,-0.9000000000000057,0.0
lateral_anterior__opposed,206,6.866666666666666,0.8577212328745764,-0.5141150519836166,0.0,0.4216423935516765,-0.9067622025426585,0.0,43.44232156357685,42.846756655022794,2.0808003234880834,10.485570290871088,-0.5955649085540529,0.0
lateral_anterior__opposed,207,6.9,0.8976299927068347,-0.44074981133646307,0.0,0.6965609025344774,-0.7174976718152848,0.0,43.525863324601694,43.1820939144766,2.9593380122967754,9.607032602062397,-0.3437694101250912,0.0
lateral_anterior__opposed,208,6.933333333333334,0.9423973173542836,-0.33449558478917146,0.0,0.8791655513733437,-0.47651645646126906,0.0,43.64122721790013,43.48560904165681,3.9831437774807172,8.583226836878456,-0.15561817624332264,0.0
lateral_anterior__opposed,209,6.966666666666667,0.9820472032286662,-0.18863533770413923,0.0,0.9738696657234184,-0.22710762687271704,0.0,43.79252479935736,43.75319048067821,5.107472394336279,7.458898220022894,-0.0393343186791526,0.0
lateral_anterior__opposed,210,7.0,1.0,-1.7145055188062944e-15,0.0,1.0,-1.7145055188062944e-15,0.0,43.982297150257104,43.982297150257104,6.283185307179586,6.283185307179586,0.0,0.0
lateral_anterior__opposed,211,7.033333333333333,0.9820472032286669,0.18863533770413587,0.0,0.9738696657234192,0.2271076268727137,0.0,44.17206950115685,44.211403819836,5.1074723943362805,7.458898220022892,0.0393343186791526,0.0
lateral_anterior__opposed,212,7.066666666666666,0.9423973173542847,0.3344955847891682,0.0,0.8791655513733454,0.47651645646126606,0.0,44.32336708261408,44.4789852588574,3.98314377748072,8.583226836878453,0.15561817624332264,0.0
lateral_anterior__opposed,213,7.1,0.8976299927068363,0.44074981133646,0.0,0.6965609025344799,0.7174976718152825,0.0,44.43873097591251,44.782500386037604,2.959338012296774,9.607032602062398,0.3437694101250912,0.0
lateral_anterior__opposed,214,7.133333333333334,0.8577212328745781,0.5141150519836136,0.0,0.4216423935516796,0.906762202542657,0.0,44.52227273693736,45.11783764549141,2.080800323488085,10.485570290871088,0.5955649085540529,0.0
lateral_anterior__opposed,215,7.166666666666667,0.8269147534873339,0.5623272983458849,0.0,0.07353234886534639,0.9972928324571199,0.0,44.5794947014537,45.4794947014537,1.3859270237471932,11.18044359061198,0.9000000000000057,0.0
lateral_anterior__opposed,216,7.2,0.8052185684163904,0.5929781252942294,0.0,-0.3028917090551364,0.9530249800428416,0.0,44.61704950663047,45.86081891675557,0.9050874106447839,11.661283203714389,1.243769410125097,0.0
lateral_anterior__opposed,217,7.233333333333333,0.7898989129438493,0.6132370726971138,0.0,-0.6451385698616764,0.7640655899049708,0.0,44.64244933887323,46.254298104991456,0.65929648259789,11.907074131761282,1.6118487661182286,0.0
lateral_anterior__opposed,218,7.266666666666667,0.7766661580294014,0.6299124375433849,0.0,-0.8906602990043837,0.4546693653386182,0.0,44.66373761523077,46.65188884911255,0.65929648259789,11.907074131761282,1.98815123388178,0.0
lateral_anterior__opposed,219,7.3,0.7604176879103544,0.6494343230174017,0.0,-0.9969187497449559,0.07844110151543096,0.0,44.68913744747353,47.045368037348425,0.905087410644783,11.66128320371439,2.3562305898748974,0.0
lateral_anterior__opposed,220,7.333333333333333,0.7354978713972238,0.677527033534569,0.0,-0.9545045584902624,-0.29819632429208337,0.0,44.726692252650295,47.4266922526503,1.3859270237471932,11.18044359061198,2.700000000000003,0.0
lateral_anterior__opposed,221,7.366666666666666,0.6955457861449015,0.7184817738649123,0.0,-0.7872501876897139,-0.6166337178443215,0.0,44.78391421716665,47.78834930861259,2.080800323488085,10.485570290871088,3.0044350914459415,0.0
lateral_anterior__opposed,222,7.4,0.63316657418236,0.7740155614315348,0.0,-0.5404733117208009,-0.8413611586694206,0.0,44.86745597819149,48.12368656806639,2.959338012296774,9.607032602062398,3.256230589874903,0.0
lateral_anterior__opposed,223,7.433333333333334,0.5398623773221969,0.8417532973217425,0.0,-0.2643061673452524,-0.9644388264183806,0.0,44.982819871489916,48.4272016952466,3.9831437774807203,8.583226836878453,3.444381823756686,0.0
lateral_anterior__opposed,224,7.466666666666667,0.40682525838412575,0.9135059984152755,0.0,9.70036260602041e-05,-0.9999999952951483,0.0,45.13411745294715,48.69478313426801,5.10747239433628,7.458898220022893,3.560665681320856,0.0
lateral_anterior__opposed,225,7.5,0.22720209469308952,0.9738476308781946,0.0,0.22720209469307903,-0.973847630878197,0.0,45.323889803846896,48.92388980384689,6.283185307179585,6.283185307179587,3.5999999999999943,0.0
lateral_anterior__opposed,226,7.533333333333333,9.700362606387805e-05,0.9999999952951483,0.0,0.4068252583841224,-0.913505998415277,0.0,45.552996473425786,49.11366215474664,7.458898220022892,5.1074723943362805,3.560665681320856,0.0
lateral_anterior__opposed,227,7.566666666666666,-0.26430616734524887,0.9644388264183816,0.0,0.5398623773221938,-0.8417532973217445,0.0,45.82057791244719,49.26495973620388,8.58322683687845,3.9831437774807212,3.444381823756686,0.0
lateral_anterior__opposed,228,7.6,-0.5404733117207978,0.8413611586694226,0.0,0.6331665741823572,-0.7740155614315372,0.0,46.124093039627404,49.38032362950231,9.607032602062397,2.959338012296775,3.256230589874903,0.0
lateral_anterior__opposed,229,7.633333333333334,-0.7872501876897116,0.6166337178443244,0.0,0.6955457861448989,-0.7184817738649149,0.0,46.459430299081205,49.46386539052715,10.485570290871086,2.080800323488086,3.0044350914459415,0.0
lateral_anterior__opposed,230,7.666666666666667,-0.9545045584902613,0.29819632429208687,0.0,0.7354978713972212,-0.6775270335345717,0.0,46.821087355043495,49.5210873550435,11.180443590611977,1.385927023747195,2.700000000000003,0.0
lateral_anterior__opposed,231,7.7,-0.9969187497449561,-0.0784411015154273,0.0,0.760417687910352,-0.6494343230174046,0.0,47.20241157034537,49.558642160220266,11.661283203714387,0.9050874106447848,2.3562305898748974,0.0
lateral_anterior__opposed,232,7.733333333333333,-0.8906602990043854,-0.4546693653386149,0.0,0.7766661580293991,-0.6299124375433878,0.0,47.59589075858124,49.58404199246302,11.907074131761282,0.65929648259789,1.98815123388178,0.0
lateral_anterior__opposed,233,7.766666666666667,-0.6451385698616792,-0.7640655899049683,0.0,0.7898989129438471,-0.6132370726971167,0.0,47.99348150270234,49.605330268820566,11.907074131761282,0.65929648259789,1.6118487661182286,0.0
lateral_anterior__opposed,234,7.8,-0.3028917090551399,-0.9530249800428405,0.0,0.8052185684163882,-0.5929781252942323,0.0,48.386960690938224,49.63073010106332,11.661283203714389,0.9050874106447839,1.243769410125097,0.0
lateral_anterior__opposed,235,7.833333333333333,0.07353234886534273,-0.9972928324571202,0.0,0.8269147534873318,-0.5623272983458879,0.0,48.76828490624009,49.668284906240096,11.18044359061198,1.3859270237471932,0.9000000000000057,0.0
lateral_anterior__opposed,236,7.866666666666666,0.42164239355167626,-0.9067622025426586,0.0,0.8577212328745762,-0.5141150519836167,0.0,49.12994196220238,49.72550687075643,10.485570290871088,2.0808003234880834,0.5955649085540529,0.0
lateral_anterior__opposed,237,7.9,0.6965609025344773,-0.717497671815285,0.0,0.8976299927068346,-0.4407498113364633,0.0,49.46527922165619,49.80904863178128,9.607032602062397,2.9593380122967754,0.3437694101250912,0.0
lateral_anterior__opposed,238,7.933333333333334,0.8791655513733436,-0.4765164564612693,0.0,0.9423973173542834,-0.3344955847891717,0.0,49.768794348836394,49.92441252507972,8.583226836878456,3.9831437774807172,0.15561817624332264,0.0
lateral_anterior__opposed,239,7.966666666666667,0.9738696657234184,-0.2271076268727173,0.0,0.9820472032286662,-0.18863533770413948,0.0,50.03637578785779,50.075710106536945,7.458898220022894,5.107472394336279,0.0393343186791526,0.0
lateral_vertical__aligned,0,0.0,1.0,0.0,0.0,1.0,0.0,0.0,0.0,0.0,6.283185307179586,6.283185307179586,0.0,0.0
lateral_vertical__aligned,1,0.03333333333333333,0.9738696657234194,0.22710762687271288,0.0,0.9738696657234194,0.0,0.22710762687271288,0.22910666957889445,0.22910666957889445,7.4588982200228955,7.4588982200228955,0.0,0.0
lateral_vertical__aligned,2,0.06666666666666667,0.8791655513733433,0.4765164564612698,0.0,0.8791655513733433,0.0,0.4765164564612698,0.4966881086002982,0.4966881086002982,8.58322683687846,8.58322683687846,0.0,0.0
lateral_vertical__aligned,3,0.1,0.696560902534475,0.7174976718152872,0.0,0.696560902534475,0.0,0.7174976718152872,0.8002032357805059,0.8002032357805059,9.607032602062407,9.607032602062407,0.0,0.0
lateral_vertical__aligned,4,0.13333333333333333,0.42164239355168126,0.9067622025426563,0.0,0.42164239355168126,0.0,0.9067622025426563,1.1355404952343058,1.1355404952343058,10.485570290871078,10.485570290871078,0.0,0.0
lateral_vertical__aligned,5,0.16666666666666666,0.07353234886534646,0.9972928324571199,0.0,0.07353234886534646,0.0,0.9972928324571199,1.4971975511965976,1.4971975511965976,11.180443590611974,11.180443590611974,0.0,0.0
lateral_vertical__aligned,6,0.2,-0.30289170905513696,0.9530249800428414,0.0,-0.30289170905513696,0.0,0.9530249800428414,1.8785217664984646,1.8785217664984646,11.661283203714387,11.661283203714387,0.0,0.0
lateral_vertical__aligned,7,0.23333333333333334,-0.645138569861675,0.7640655899049719,0.0,-0.645138569861675,0.0,0.7640655899049719,2.2720009547343487,2.2720009547343487,11.90707413176128,11.90707413176128,0.0,0.0
lateral_vertical__aligned,8,0.26666666666666666,-0.8906602990043825,0.4546693653386206,0.0,-0.8906602990043825,0.0,0.4546693653386206,2.6695916988554442,2.6695916988554442,11.907074131761282,11.907074131761282,0.0,0.0
lateral_vertical__aligned,9,0.3,-0.9969187497449565,0.07844110151542173,0.0,-0.9969187497449565,0.0,0.07844110151542173,3.0630708870913286,3.0630708870913286,11.661283203714387,11.661283203714387,0.0,0.0
lateral_vertical__aligned,10,0.3333333333333333,-0.9545045584902616,-0.29819632429208587,0.0,-0.9545045584902616,0.0,-0.29819632429208587,3.4443951023931954,3.4443951023931954,11.180443590611976,11.180443590611976,0.0,0.0
lateral_vertical__aligned,11,0.36666666666666664,-0.7872501876897112,-0.616633717844325,0.0,-0.7872501876897112,0.0,-0.616633717844325,3.806052158355487,3.806052158355487,10.485570290871078,10.485570290871078,0.0,0.0
lateral_vertical__aligned,12,0.4,-0.5404733117207987,-0.8413611586694221,0.0,-0.5404733117207987,0.0,-0.8413611586694221,4.141389417809287,4.141389417809287,9.607032602062409,9.607032602062409,0.0,0.0
lateral_vertical__aligned,13,0.43333333333333335,-0.2643061673452533,-0.9644388264183804,0.0,-0.2643061673452533,0.0,-0.9644388264183804,4.4449045449894955,4.4449045449894955,8.58322683687846,8.58322683687846,0.0,0.0
lateral_vertical__aligned,14,0.4666666666666667,9.700362605658954e-05,-0.9999999952951483,0.0,9.700362605658954e-05,0.0,-0.9999999952951483,4.712485984010899,4.712485984010899,7.4588982200228955,7.4588982200228955,0.0,0.0
lateral_vertical__aligned,15,0.5,0.22720209469308678,-0.9738476308781953,0.0,0.22720209469308678,0.0,-0.9738476308781953,4.941592653589793,4.941592653589793,6.283185307179587,6.283185307179587,0.0,0.0
lateral_vertical__aligned,16,0.5333333333333333,0.406825258384124,-0.9135059984152762,0.0,0.406825258384124,0.0,-0.9135059984152762,5.131365004489538,5.131365004489538,5.107472394336279,5.107472394336279,0.0,0.0
lateral_vertical__aligned,17,0.5666666666666667,0.5398623773221946,-0.8417532973217441,0.0,0.5398623773221946,0.0,-0.8417532973217441,5.282662585946773,5.282662585946773,3.9831437774807146,3.9831437774807146,0.0,0.0
lateral_vertical__aligned,18,0.6,0.6331665741823599,-0.7740155614315349,0.0,0.6331665741823599,0.0,-0.7740155614315349,5.398026479245205,5.398026479245205,2.9593380122967647,2.9593380122967647,0.0,0.0
lateral_vertical__aligned,19,0.6333333333333333,0.6955457861449008,-0.718481773864913,0.0,0.6955457861449008,0.0,-0.718481773864913,5.481568240270044,5.481568240270044,2.080800323488096,2.080800323488096,0.0,0.0
lateral_vertical__aligned,20,0.6666666666666666,0.73549787139722,-0.677527033534573,0.0,0.73549787139722,0.0,-0.677527033534573,5.538790204786391,5.538790204786391,1.3859270237471994,1.3859270237471994,0.0,0.0
lateral_vertical__aligned,21,0.7,0.7604176879103531,-0.6494343230174032,0.0,0.7604176879103531,0.0,-0.6494343230174032,5.576345009963163,5.576345009963163,0.9050874106447857,0.9050874106447857,0.0,0.0
lateral_vertical__aligned,22,0.7333333333333333,0.7766661580294008,-0.6299124375433858,0.0,0.7766661580294008,0.0,-0.6299124375433858,5.601744842205918,5.601744842205918,0.6592964825978909,0.6592964825978909,0.0,0.0
lateral_vertical__aligned,23,0.7666666666666667,0.7898989129438475,-0.613237072697116,0.0,0.7898989129438475,0.0,-0.613237072697116,5.623033118563462,5.623033118563462,0.6592964825978909,0.6592964825978909,0.0,0.0
lateral_vertical__aligned,24,0.8,0.8052185684163887,-0.5929781252942317,0.0,0.8052185684163887,0.0,-0.5929781252942317,5.6484329508062165,5.6484329508062165,0.9050874106447857,0.9050874106447857,0.0,0.0
lateral_vertical__aligned,25,0.8333333333333334,0.8269147534873308,-0.5623272983458895,0.0,0.8269147534873308,0.0,-0.5623272983458895,5.685987755982989,5.685987755982989,1.3859270237471986,1.3859270237471986,0.0,0.0
lateral_vertical__aligned,26,0.8666666666666667,0.8577212328745804,-0.51411505198361,0.0,0.8577212328745804,0.0,-0.51411505198361,5.743209720499336,5.743209720499336,2.080800323488096,2.080800323488096,0.0,0.0
lateral_vertical__aligned,27,0.9,0.8976299927068346,-0.44074981133646335,0.0,0.8976299927068346,0.0,-0.44074981133646335,5.826751481524175,5.826751481524175,2.959338012296763,2.959338012296763,0.0,0.0
lateral_vertical__aligned,28,0.9333333333333333,0.942397317354282,-0.3344955847891759,0.0,0.942397317354282,0.0,-0.3344955847891759,5.942115374822607,5.942115374822607,3.983143777480713,3.983143777480713,0.0,0.0
lateral_vertical__aligned,29,0.9666666666666667,0.9820472032286666,-0.1886353377041378,0.0,0.9820472032286666,0.0,-0.1886353377041378,6.093412956279842,6.093412956279842,5.107472394336273,5.107472394336273,0.0,0.0
lateral_vertical__aligned,30,1.0,1.0,-2.4492935982947064e-16,0.0,1.0,0.0,-2.4492935982947064e-16,6.283185307179586,6.283185307179586,6.283185307179586,6.283185307179586,0.0,0.0
lateral_vertical__aligned,31,1.0333333333333334,0.9820472032286667,0.18863533770413732,0.0,0.9820472032286667,0.0,0.18863533770413732,6.472957658079331,6.472957658079331,5.107472394336273,5.107472394336273,0.0,0.0
lateral_vertical__aligned,32,1.0666666666666667,0.9423973173542821,0.33449558478917546,0.0,0.9423973173542821,0.0,0.33449558478917546,6.6242552395365655,6.6242552395365655,3.983143777480713,3.983143777480713,0.0,0.0
lateral_vertical__aligned,33,1.1,0.8976299927068344,0.4407498113364637,0.0,0.8976299927068344,0.0,0.4407498113364637,6.739619132834998,6.739619132834998,2.9593380122967616,2.9593380122967616,0.0,0.0
lateral_vertical__aligned,34,1.1333333333333333,0.8577212328745806,0.5141150519836095,0.0,0.8577212328745806,0.0,0.5141150519836095,6.8231608938598365,6.8231608938598365,2.080800323488096,2.080800323488096,0.0,0.0
lateral_vertical__aligned,35,1.1666666666666667,0.8269147534873306,0.5623272983458898,0.0,0.8269147534873306,0.0,0.5623272983458898,6.880382858376184,6.880382858376184,1.3859270237471977,1.3859270237471977,0.0,0.0
lateral_vertical__aligned,36,1.2,0.8052185684163885,0.592978125294232,0.0,0.8052185684163885,0.0,0.592978125294232,6.917937663552957,6.917937663552957,0.9050874106447857,0.9050874106447857,0.0,0.0
lateral_vertical__aligned,37,1.2333333333333334,0.7898989129438478,0.6132370726971156,0.0,0.7898989129438478,0.0,0.6132370726971156,6.943337495795711,6.943337495795711,0.65929648259789,0.65929648259789,0.0,0.0
lateral_vertical__aligned,38,1.2666666666666666,0.7766661580294005,0.6299124375433861,0.0,0.7766661580294005,0.0,0.6299124375433861,6.964625772153255,6.964625772153255,0.65929648259789,0.65929648259789,0.0,0.0
lateral_vertical__aligned,39,1.3,0.7604176879103535,0.6494343230174028,0.0,0.7604176879103535,0.0,0.6494343230174028,6.99002560439601,6.99002560439601,0.9050874106447857,0.9050874106447857,0.0,0.0
lateral_vertical__aligned,40,1.3333333333333333,0.7354978713972203,0.6775270335345727,0.0,0.7354978713972203,0.0,0.6775270335345727,7.027580409572781,7.027580409572781,1.3859270237471968,1.3859270237471968,0.0,0.0
lateral_vertical__aligned,41,1.3666666666666667,0.6955457861449005,0.7184817738649133,0.0,0.6955457861449005,0.0,0.7184817738649133,7.084802374089129,7.084802374089129,2.080800323488095,2.080800323488095,0.0,0.0
lateral_vertical__aligned,42,1.4,0.6331665741823596,0.7740155614315352,0.0,0.6331665741823596,0.0,0.7740155614315352,7.168344135113968,7.168344135113968,2.9593380122967616,2.9593380122967616,0.0,0.0
lateral_vertical__aligned,43,1.4333333333333333,0.5398623773221957,0.8417532973217433,0.0,0.5398623773221957,0.0,0.8417532973217433,7.2837080284123985,7.2837080284123985,3.9831437774807132,3.9831437774807132,0.0,0.0
lateral_vertical__aligned,44,1.4666666666666666,0.4068252583841244,0.9135059984152761,0.0,0.4068252583841244,0.0,0.9135059984152761,7.435005609869634,7.435005609869634,5.107472394336272,5.107472394336272,0.0,0.0
lateral_vertical__aligned,45,1.5,0.22720209469308725,0.9738476308781951,0.0,0.22720209469308725,0.0,0.9738476308781951,7.6247779607693795,7.6247779607693795,6.283185307179585,6.283185307179585,0.0,0.0
lateral_vertical__aligned,46,1.5333333333333334,9.700362605530304e-05,0.9999999952951483,0.0,9.700362605530304e-05,0.0,0.9999999952951483,7.853884630348276,7.853884630348276,7.458898220022899,7.458898220022899,0.0,0.0
lateral_vertical__aligned,47,1.5666666666666667,-0.2643061673452537,0.9644388264183803,0.0,-0.2643061673452537,0.0,0.9644388264183803,8.121466069369678,8.121466069369678,8.583226836878458,8.583226836878458,0.0,0.0
lateral_vertical__aligned,48,1.6,-0.540473311720799,0.8413611586694218,0.0,-0.540473311720799,0.0,0.8413611586694218,8.424981196549886,8.424981196549886,9.607032602062409,9.607032602062409,0.0,0.0
lateral_vertical__aligned,49,1.6333333333333333,-0.7872501876897103,0.616633717844326,0.0,-0.7872501876897103,0.0,0.616633717844326,8.760318456003684,8.760318456003684,10.485570290871078,10.485570290871078,0.0,0.0
lateral_vertical__aligned,50,1.6666666666666667,-0.9545045584902617,0.2981963242920855,0.0,-0.9545045584902617,0.0,0.2981963242920855,9.121975511965978,9.121975511965978,11.180443590611976,11.180443590611976,0.0,0.0
lateral_vertical__aligned,51,1.7,-0.9969187497449565,-0.07844110151542169,0.0,-0.9969187497449565,0.0,-0.07844110151542169,9.503299727267844,9.503299727267844,11.661283203714387,11.661283203714387,0.0,0.0
lateral_vertical__aligned,52,1.7333333333333334,-0.8906602990043823,-0.45466936533862096,0.0,-0.8906602990043823,0.0,-0.45466936533862096,9.89677891550373,9.89677891550373,11.907074131761282,11.907074131761282,0.0,0.0
lateral_vertical__aligned,53,1.7666666666666666,-0.6451385698616767,-0.7640655899049704,0.0,-0.6451385698616767,0.0,-0.7640655899049704,10.294369659624822,10.294369659624822,11.907074131761282,11.907074131761282,0.0,0.0
lateral_vertical__aligned,54,1.8,-0.30289170905513846,-0.953024980042841,0.0,-0.30289170905513846,0.0,-0.953024980042841,10.687848847860707,10.687848847860707,11.661283203714387,11.661283203714387,0.0,0.0
lateral_vertical__aligned,55,1.8333333333333333,0.0735323488653442,-0.9972928324571201,0.0,0.0735323488653442,0.0,-0.9972928324571201,11.069173063162573,11.069173063162573,11.180443590611976,11.180443590611976,0.0,0.0
lateral_vertical__aligned,56,1.8666666666666667,0.4216423935516808,-0.9067622025426565,0.0,0.4216423935516808,0.0,-0.9067622025426565,11.430830119124867,11.430830119124867,10.485570290871078,10.485570290871078,0.0,0.0
lateral_vertical__aligned,57,1.9,0.6965609025344746,-0.7174976718152877,0.0,0.6965609025344746,0.0,-0.7174976718152877,11.766167378578666,11.766167378578666,9.607032602062414,9.607032602062414,0.0,0.0
lateral_vertical__aligned,58,1.9333333333333333,0.8791655513733426,-0.4765164564612711,0.0,0.8791655513733426,0.0,-0.4765164564612711,12.069682505758873,12.069682505758873,8.58322683687846,8.58322683687846,0.0,0.0
lateral_vertical__aligned,59,1.9666666666666666,0.9738696657234192,-0.22710762687271413,0.0,0.9738696657234192,0.0,-0.22710762687271413,12.337263944780277,12.337263944780277,7.458898220022899,7.458898220022899,0.0,0.0
lateral_vertical__aligned,60,2.0,1.0,-4.898587196589413e-16,0.0,1.0,0.0,-4.898587196589413e-16,12.566370614359172,12.566370614359172,6.283185307179586,6.283185307179586,0.0,0.0
lateral_vertical__aligned,61,2.033333333333333,0.9738696657234197,0.22710762687271144,0.0,0.9738696657234197,0.0,0.22710762687271144,12.795477283938066,12.795477283938066,7.458898220022892,7.458898220022892,0.0,0.0
lateral_vertical__aligned,62,2.066666666666667,0.8791655513733431,0.4765164564612702,0.0,0.8791655513733431,0.0,0.4765164564612702,13.063058722959472,13.063058722959472,8.583226836878467,8.583226836878467,0.0,0.0
lateral_vertical__aligned,63,2.1,0.6965609025344752,0.717497671815287,0.0,0.6965609025344752,0.0,0.717497671815287,13.366573850139678,13.366573850139678,9.60703260206241,9.60703260206241,0.0,0.0
lateral_vertical__aligned,64,2.1333333333333333,0.4216423935516817,0.906762202542656,0.0,0.4216423935516817,0.0,0.906762202542656,13.701911109593478,13.701911109593478,10.485570290871078,10.485570290871078,0.0,0.0
lateral_vertical__aligned,65,2.1666666666666665,0.07353234886534872,0.9972928324571197,0.0,0.07353234886534872,0.0,0.9972928324571197,14.063568165555768,14.063568165555768,11.180443590611972,11.180443590611972,0.0,0.0
lateral_vertical__aligned,66,2.2,-0.30289170905513924,0.9530249800428406,0.0,-0.30289170905513924,0.0,0.9530249800428406,14.44489238085764,14.44489238085764,11.661283203714389,11.661283203714389,0.0,0.0
lateral_vertical__aligned,67,2.2333333333333334,-0.645138569861676,0.7640655899049711,0.0,-0.645138569861676,0.0,0.7640655899049711,14.838371569093523,14.838371569093523,11.907074131761282,11.907074131761282,0.0,0.0
lateral_vertical__aligned,68,2.2666666666666666,-0.8906602990043818,0.45466936533862184,0.0,-0.8906602990043818,0.0,0.45466936533862184,15.235962313214616,15.235962313214616,11.907074131761282,11.907074131761282,0.0,0.0
lateral_vertical__aligned,69,2.3,-0.9969187497449563,0.07844110151542444,0.0,-0.9969187497449563,0.0,0.07844110151542444,15.629441501450499,15.629441501450499,11.66128320371439,11.66128320371439,0.0,0.0
lateral_vertical__aligned,70,2.3333333333333335,-0.954504558490261,-0.2981963242920879,0.0,-0.954504558490261,0.0,-0.2981963242920879,16.01076571675237,16.01076571675237,11.180443590611972,11.180443590611972,0.0,0.0
lateral_vertical__aligned,71,2.3666666666666667,-0.7872501876897109,-0.6166337178443252,0.0,-0.7872501876897109,0.0,-0.6166337178443252,16.37242277271466,16.37242277271466,10.485570290871078,10.485570290871078,0.0,0.0
lateral_vertical__aligned,72,2.4,-0.5404733117207998,-0.8413611586694213,0.0,-0.5404733117207998,0.0,-0.8413611586694213,16.70776003216846,16.70776003216846,9.60703260206241,9.60703260206241,0.0,0.0
lateral_vertical__aligned,73,2.433333333333333,-0.26430616734525464,-0.9644388264183801,0.0,-0.26430616734525464,0.0,-0.9644388264183801,17.011275159348667,17.011275159348667,8.583226836878469,8.583226836878469,0.0,0.0
lateral_vertical__aligned,74,2.466666666666667,9.700362605787604e-05,-0.9999999952951483,0.0,9.700362605787604e-05,0.0,-0.9999999952951483,17.278856598370073,17.278856598370073,7.458898220022893,7.458898220022893,0.0,0.0
lateral_vertical__aligned,75,2.5,0.22720209469308716,-0.9738476308781951,0.0,0.22720209469308716,0.0,-0.9738476308781951,17.507963267948966,17.507963267948966,6.283185307179587,6.283185307179587,0.0,0.0
lateral_vertical__aligned,76,2.533333333333333,0.40682525838412353,-0.9135059984152765,0.0,0.40682525838412353,0.0,-0.9135059984152765,17.69773561884871,17.69773561884871,5.1074723943362805,5.1074723943362805,0.0,0.0
lateral_vertical__aligned,77,2.566666666666667,0.5398623773221949,-0.8417532973217439,0.0,0.5398623773221949,0.0,-0.8417532973217439,17.849033200305946,17.849033200305946,3.9831437774807052,3.9831437774807052,0.0,0.0
lateral_vertical__aligned,78,2.6,0.6331665741823581,-0.7740155614315364,0.0,0.6331665741823581,0.0,-0.7740155614315364,17.964397093604376,17.964397093604376,2.959338012296763,2.959338012296763,0.0,0.0
lateral_vertical__aligned,79,2.6333333333333333,0.6955457861449024,-0.7184817738649115,0.0,0.6955457861449024,0.0,-0.7184817738649115,18.04793885462922,18.04793885462922,2.080800323488096,2.080800323488096,0.0,0.0
lateral_vertical__aligned,80,2.6666666666666665,0.7354978713972197,-0.6775270335345733,0.0,0.7354978713972197,0.0,-0.6775270335345733,18.105160819145564,18.105160819145564,1.3859270237472021,1.3859270237472021,0.0,0.0
lateral_vertical__aligned,81,2.7,0.7604176879103528,-0.6494343230174036,0.0,0.7604176879103528,0.0,-0.6494343230174036,18.142715624322335,18.142715624322335,0.9050874106447848,0.9050874106447848,0.0,0.0
lateral_vertical__aligned,82,2.7333333333333334,0.7766661580293999,-0.6299124375433869,0.0,0.7766661580293999,0.0,-0.6299124375433869,18.16811545656509,18.16811545656509,0.65929648259789,0.65929648259789,0.0,0.0
lateral_vertical__aligned,83,2.7666666666666666,0.7898989129438456,-0.6132370726971185,0.0,0.7898989129438456,0.0,-0.6132370726971185,18.18940373292263,18.18940373292263,0.65929648259789,0.65929648259789,0.0,0.0
lateral_vertical__aligned,84,2.8,0.805218568416389,-0.5929781252942313,0.0,0.805218568416389,0.0,-0.5929781252942313,18.21480356516539,18.21480356516539,0.9050874106447839,0.9050874106447839,0.0,0.0
lateral_vertical__aligned,85,2.8333333333333335,0.8269147534873305,-0.5623272983458899,0.0,0.8269147534873305,0.0,-0.5623272983458899,18.25235837034216,18.25235837034216,1.3859270237472012,1.3859270237472012,0.0,0.0
lateral_vertical__aligned,86,2.8666666666666667,0.8577212328745787,-0.5141150519836127,0.0,0.8577212328745787,0.0,-0.5141150519836127,18.309580334858506,18.309580334858506,2.080800323488096,2.080800323488096,0.0,0.0
lateral_vertical__aligned,87,2.9,0.8976299927068352,-0.4407498113364622,0.0,0.8976299927068352,0.0,-0.4407498113364622,18.39312209588335,18.39312209588335,2.959338012296759,2.959338012296759,0.0,0.0
lateral_vertical__aligned,88,2.933333333333333,0.9423973173542814,-0.33449558478917724,0.0,0.9423973173542814,0.0,-0.33449558478917724,18.50848598918178,18.50848598918178,3.9831437774807035,3.9831437774807035,0.0,0.0
lateral_vertical__aligned,89,2.966666666666667,0.9820472032286671,-0.18863533770413476,0.0,0.9820472032286671,0.0,-0.18863533770413476,18.659783570639018,18.659783570639018,5.107472394336279,5.107472394336279,0.0,0.0
lateral_vertical__aligned,90,3.0,1.0,-7.347880794884119e-16,0.0,1.0,0.0,-7.347880794884119e-16,18.84955592153876,18.84955592153876,6.283185307179586,6.283185307179586,0.0,0.0
lateral_vertical__aligned,91,3.033333333333333,0.9820472032286675,0.18863533770413332,0.0,0.9820472032286675,0.0,0.18863533770413332,19.0393282724385,19.0393282724385,5.1074723943362805,5.1074723943362805,0.0,0.0
lateral_vertical__aligned,92,3.066666666666667,0.942397317354282,0.33449558478917585,0.0,0.942397317354282,0.0,0.33449558478917585,19.19062585389574,19.19062585389574,3.9831437774807057,3.9831437774807057,0.0,0.0
lateral_vertical__aligned,93,3.1,0.8976299927068359,0.44074981133646085,0.0,0.8976299927068359,0.0,0.44074981133646085,19.305989747194168,19.305989747194168,2.9593380122967616,2.9593380122967616,0.0,0.0
lateral_vertical__aligned,94,3.1333333333333333,0.8577212328745795,0.5141150519836114,0.0,0.8577212328745795,0.0,0.5141150519836114,19.38953150821901,19.38953150821901,2.080800323488096,2.080800323488096,0.0,0.0
lateral_vertical__aligned,95,3.1666666666666665,0.8269147534873313,0.5623272983458887,0.0,0.8269147534873313,0.0,0.5623272983458887,19.446753472735356,19.446753472735356,1.3859270237472012,1.3859270237472012,0.0,0.0
lateral_vertical__aligned,96,3.2,0.8052185684163898,0.5929781252942302,0.0,0.8052185684163898,0.0,0.5929781252942302,19.484308277912127,19.484308277912127,0.9050874106447839,0.9050874106447839,0.0,0.0
lateral_vertical__aligned,97,3.2333333333333334,0.7898989129438465,0.6132370726971174,0.0,0.7898989129438465,0.0,0.6132370726971174,19.509708110154886,19.509708110154886,0.65929648259789,0.65929648259789,0.0,0.0
lateral_vertical__aligned,98,3.2666666666666666,0.7766661580294009,0.6299124375433857,0.0,0.7766661580294009,0.0,0.6299124375433857,19.530996386512427,19.530996386512427,0.65929648259789,0.65929648259789,0.0,0.0
lateral_vertical__aligned,99,3.3,0.7604176879103538,0.6494343230174024,0.0,0.7604176879103538,0.0,0.6494343230174024,19.556396218755182,19.556396218755182,0.905087410644783,0.905087410644783,0.0,0.0
lateral_vertical__aligned,100,3.3333333333333335,0.7354978713972207,0.6775270335345723,0.0,0.7354978713972207,0.0,0.6775270335345723,19.593951023931954,19.593951023931954,1.3859270237472003,1.3859270237472003,0.0,0.0
lateral_vertical__aligned,101,3.3666666666666667,0.6955457861449008,0.718481773864913,0.0,0.6955457861449008,0.0,0.718481773864913,19.6511729884483,19.6511729884483,2.080800323488095,2.080800323488095,0.0,0.0
lateral_vertical__aligned,102,3.4,0.6331665741823592,0.7740155614315354,0.0,0.6331665741823592,0.0,0.7740155614315354,19.73471474947314,19.73471474947314,2.9593380122967616,2.9593380122967616,0.0,0.0
lateral_vertical__aligned,103,3.433333333333333,0.5398623773221961,0.8417532973217431,0.0,0.5398623773221961,0.0,0.8417532973217431,19.85007864277157,19.85007864277157,3.9831437774807044,3.9831437774807044,0.0,0.0
lateral_vertical__aligned,104,3.466666666666667,0.40682525838412165,0.9135059984152774,0.0,0.40682525838412165,0.0,0.9135059984152774,20.00137622422881,20.00137622422881,5.10747239433628,5.10747239433628,0.0,0.0
lateral_vertical__aligned,105,3.5,0.22720209469308858,0.9738476308781948,0.0,0.22720209469308858,0.0,0.9738476308781948,20.19114857512855,20.19114857512855,6.283185307179585,6.283185307179585,0.0,0.0
lateral_vertical__aligned,106,3.533333333333333,9.700362605934561e-05,0.9999999952951483,0.0,9.700362605934561e-05,0.0,0.9999999952951483,20.420255244707445,20.420255244707445,7.458898220022892,7.458898220022892,0.0,0.0
lateral_vertical__aligned,107,3.566666666666667,-0.2643061673452567,0.9644388264183795,0.0,-0.2643061673452567,0.0,0.9644388264183795,20.687836683728854,20.687836683728854,8.583226836878467,8.583226836878467,0.0,0.0
lateral_vertical__aligned,108,3.6,-0.5404733117207986,0.8413611586694221,0.0,-0.5404733117207986,0.0,0.8413611586694221,20.99135181090906,20.99135181090906,9.607032602062409,9.607032602062409,0.0,0.0
lateral_vertical__aligned,109,3.6333333333333333,-0.78725018768971,0.6166337178443264,0.0,-0.78725018768971,0.0,0.6166337178443264,21.326689070362857,21.326689070362857,10.485570290871078,10.485570290871078,0.0,0.0
lateral_vertical__aligned,110,3.6666666666666665,-0.9545045584902605,0.2981963242920893,0.0,-0.9545045584902605,0.0,0.2981963242920893,21.688346126325147,21.688346126325147,11.18044359061197,11.18044359061197,0.0,0.0
lateral_vertical__aligned,111,3.7,-0.9969187497449566,-0.07844110151542119,0.0,-0.9969187497449566,0.0,-0.07844110151542119,22.069670341627017,22.069670341627017,11.661283203714387,11.661283203714387,0.0,0.0
lateral_vertical__aligned,112,3.7333333333333334,-0.8906602990043817,-0.4546693653386221,0.0,-0.8906602990043817,0.0,-0.4546693653386221,22.463149529862903,22.463149529862903,11.907074131761282,11.907074131761282,0.0,0.0
lateral_vertical__aligned,113,3.7666666666666666,-0.6451385698616757,-0.7640655899049713,0.0,-0.6451385698616757,0.0,-0.7640655899049713,22.860740273983996,22.860740273983996,11.907074131761282,11.907074131761282,0.0,0.0
lateral_vertical__aligned,114,3.8,-0.30289170905513896,-0.9530249800428408,0.0,-0.30289170905513896,0.0,-0.9530249800428408,23.25421946221988,23.25421946221988,11.661283203714389,11.661283203714389,0.0,0.0
lateral_vertical__aligned,115,3.8333333333333335,0.07353234886534725,-0.9972928324571199,0.0,0.07353234886534725,0.0,-0.9972928324571199,23.63554367752175,23.63554367752175,11.180443590611972,11.180443590611972,0.0,0.0
lateral_vertical__aligned,116,3.8666666666666667,0.4216423935516804,-0.9067622025426566,0.0,0.4216423935516804,0.0,-0.9067622025426566,23.99720073348404,23.99720073348404,10.485570290871078,10.485570290871078,0.0,0.0
lateral_vertical__aligned,117,3.9,0.6965609025344729,-0.7174976718152892,0.0,0.6965609025344729,0.0,-0.7174976718152892,24.332537992937837,24.332537992937837,9.607032602062414,9.607032602062414,0.0,0.0
lateral_vertical__aligned,118,3.933333333333333,0.8791655513733407,-0.47651645646127466,0.0,0.8791655513733407,0.0,-0.47651645646127466,24.636053120118042,24.636053120118042,8.583226836878469,8.583226836878469,0.0,0.0
lateral_vertical__aligned,119,3.966666666666667,0.9738696657234194,-0.22710762687271288,0.0,0.9738696657234194,0.0,-0.22710762687271288,24.90363455913945,24.90363455913945,7.458898220022894,7.458898220022894,0.0,0.0
lateral_vertical__aligned,120,4.0,1.0,-9.797174393178826e-16,0.0,1.0,0.0,-9.797174393178826e-16,25.132741228718345,25.132741228718345,6.283185307179586,6.283185307179586,0.0,0.0
lateral_vertical__aligned,121,4.033333333333333,0.9738696657234198,0.22710762687271097,0.0,0.9738696657234198,0.0,0.22710762687271097,25.36184789829724,25.36184789829724,7.458898220022892,7.458898220022892,0.0,0.0
lateral_vertical__aligned,122,4.066666666666666,0.879165551373345,0.47651645646126667,0.0,0.879165551373345,0.0,0.47651645646126667,25.62942933731864,25.62942933731864,8.583226836878453,8.583226836878453,0.0,0.0
lateral_vertical__aligned,123,4.1,0.6965609025344794,0.7174976718152829,0.0,0.6965609025344794,0.0,0.7174976718152829,25.932944464498846,25.932944464498846,9.607032602062398,9.607032602062398,0.0,0.0
lateral_vertical__aligned,124,4.133333333333334,0.42164239355167893,0.9067622025426573,0.0,0.42164239355167893,0.0,0.9067622025426573,26.268281723952654,26.268281723952654,10.485570290871088,10.485570290871088,0.0,0.0
lateral_vertical__aligned,125,4.166666666666667,0.07353234886534211,0.9972928324571202,0.0,0.07353234886534211,0.0,0.9972928324571202,26.629938779914948,26.629938779914948,11.18044359061198,11.18044359061198,0.0,0.0
lateral_vertical__aligned,126,4.2,-0.30289170905513707,0.9530249800428414,0.0,-0.30289170905513707,0.0,0.9530249800428414,27.01126299521681,27.01126299521681,11.661283203714389,11.661283203714389,0.0,0.0
lateral_vertical__aligned,127,4.233333333333333,-0.6451385698616743,0.7640655899049725,0.0,-0.6451385698616743,0.0,0.7640655899049725,27.404742183452694,27.404742183452694,11.907074131761282,11.907074131761282,0.0,0.0
lateral_vertical__aligned,128,4.266666666666667,-0.8906602990043808,0.45466936533862384,0.0,-0.8906602990043808,0.0,0.45466936533862384,27.802332927573786,27.802332927573786,11.907074131761282,11.907074131761282,0.0,0.0
lateral_vertical__aligned,129,4.3,-0.9969187497449564,0.07844110151542315,0.0,-0.9969187497449564,0.0,0.07844110151542315,28.195812115809673,28.195812115809673,11.66128320371439,11.66128320371439,0.0,0.0
lateral_vertical__aligned,130,4.333333333333333,-0.9545045584902632,-0.2981963242920807,0.0,-0.9545045584902632,0.0,-0.2981963242920807,28.577136331111536,28.577136331111536,11.18044359061198,11.18044359061198,0.0,0.0
lateral_vertical__aligned,131,4.366666666666666,-0.7872501876897134,-0.6166337178443221,0.0,-0.7872501876897134,0.0,-0.6166337178443221,28.93879338707383,28.93879338707383,10.485570290871088,10.485570290871088,0.0,0.0
lateral_vertical__aligned,132,4.4,-0.5404733117207943,-0.8413611586694248,0.0,-0.5404733117207943,0.0,-0.8413611586694248,29.274130646527638,29.274130646527638,9.607032602062398,9.607032602062398,0.0,0.0
lateral_vertical__aligned,133,4.433333333333334,-0.2643061673452517,-0.9644388264183809,0.0,-0.2643061673452517,0.0,-0.9644388264183809,29.577645773707843,29.577645773707843,8.583226836878453,8.583226836878453,0.0,0.0
lateral_vertical__aligned,134,4.466666666666667,9.700362605738618e-05,-0.9999999952951483,0.0,9.700362605738618e-05,0.0,-0.9999999952951483,29.845227212729245,29.845227212729245,7.458898220022893,7.458898220022893,0.0,0.0
lateral_vertical__aligned,135,4.5,0.22720209469308666,-0.9738476308781953,0.0,0.22720209469308666,0.0,-0.9738476308781953,30.07433388230814,30.07433388230814,6.283185307179587,6.283185307179587,0.0,0.0
lateral_vertical__aligned,136,4.533333333333333,0.40682525838411987,-0.9135059984152781,0.0,0.40682525838411987,0.0,-0.9135059984152781,30.26410623320788,30.26410623320788,5.1074723943362805,5.1074723943362805,0.0,0.0
lateral_vertical__aligned,137,4.566666666666666,0.5398623773221944,-0.8417532973217441,0.0,0.5398623773221944,0.0,-0.8417532973217441,30.41540381466512,30.41540381466512,3.9831437774807212,3.9831437774807212,0.0,0.0
lateral_vertical__aligned,138,4.6,0.6331665741823578,-0.7740155614315366,0.0,0.6331665741823578,0.0,-0.7740155614315366,30.530767707963548,30.530767707963548,2.959338012296775,2.959338012296775,0.0,0.0
lateral_vertical__aligned,139,4.633333333333334,0.6955457861448994,-0.7184817738649143,0.0,0.6955457861448994,0.0,-0.7184817738649143,30.614309468988388,30.614309468988388,2.080800323488086,2.080800323488086,0.0,0.0
lateral_vertical__aligned,140,4.666666666666667,0.7354978713972193,-0.6775270335345738,0.0,0.7354978713972193,0.0,-0.6775270335345738,30.671531433504736,30.671531433504736,1.385927023747195,1.385927023747195,0.0,0.0
lateral_vertical__aligned,141,4.7,0.7604176879103525,-0.6494343230174039,0.0,0.7604176879103525,0.0,-0.6494343230174039,30.709086238681508,30.709086238681508,0.9050874106447848,0.9050874106447848,0.0,0.0
lateral_vertical__aligned,142,4.733333333333333,0.7766661580293996,-0.6299124375433872,0.0,0.7766661580293996,0.0,-0.6299124375433872,30.734486070924262,30.734486070924262,0.65929648259789,0.65929648259789,0.0,0.0
lateral_vertical__aligned,143,4.766666666666667,0.7898989129438453,-0.6132370726971189,0.0,0.7898989129438453,0.0,-0.6132370726971189,30.755774347281804,30.755774347281804,0.65929648259789,0.65929648259789,0.0,0.0
lateral_vertical__aligned,144,4.8,0.8052185684163886,-0.5929781252942318,0.0,0.8052185684163886,0.0,-0.5929781252942318,30.781174179524562,30.781174179524562,0.9050874106447839,0.9050874106447839,0.0,0.0
lateral_vertical__aligned,145,4.833333333333333,0.8269147534873302,-0.5623272983458902,0.0,0.8269147534873302,0.0,-0.5623272983458902,30.818728984701334,30.818728984701334,1.3859270237471932,1.3859270237471932,0.0,0.0
lateral_vertical__aligned,146,4.866666666666666,0.8577212328745802,-0.5141150519836101,0.0,0.8577212328745802,0.0,-0.5141150519836101,30.875950949217682,30.875950949217682,2.0808003234880834,2.0808003234880834,0.0,0.0
lateral_vertical__aligned,147,4.9,0.897629992706835,-0.4407498113364626,0.0,0.897629992706835,0.0,-0.4407498113364626,30.95949271024252,30.95949271024252,2.9593380122967754,2.9593380122967754,0.0,0.0
lateral_vertical__aligned,148,4.933333333333334,0.9423973173542813,-0.3344955847891777,0.0,0.9423973173542813,0.0,-0.3344955847891777,31.07485660354095,31.07485660354095,3.9831437774807172,3.9831437774807172,0.0,0.0
lateral_vertical__aligned,149,4.966666666666667,0.982047203228667,-0.18863533770413526,0.0,0.982047203228667,0.0,-0.18863533770413526,31.22615418499819,31.22615418499819,5.107472394336279,5.107472394336279,0.0,0.0
lateral_vertical__aligned,150,5.0,1.0,-1.2246467991473533e-15,0.0,1.0,0.0,-1.2246467991473533e-15,31.41592653589793,31.41592653589793,6.283185307179586,6.283185307179586,0.0,0.0
lateral_vertical__aligned,151,5.033333333333333,0.9820472032286675,0.18863533770413285,0.0,0.9820472032286675,0.0,0.18863533770413285,31.605698886797672,31.605698886797672,5.1074723943362805,5.1074723943362805,0.0,0.0
lateral_vertical__aligned,152,5.066666666666666,0.9423973173542821,0.33449558478917535,0.0,0.9423973173542821,0.0,0.33449558478917535,31.75699646825491,31.75699646825491,3.98314377748072,3.98314377748072,0.0,0.0
lateral_vertical__aligned,153,5.1,0.8976299927068361,0.4407498113364604,0.0,0.8976299927068361,0.0,0.4407498113364604,31.87236036155334,31.87236036155334,2.959338012296774,2.959338012296774,0.0,0.0
lateral_vertical__aligned,154,5.133333333333334,0.8577212328745797,0.514115051983611,0.0,0.8577212328745797,0.0,0.514115051983611,31.955902122578184,31.955902122578184,2.080800323488085,2.080800323488085,0.0,0.0
lateral_vertical__aligned,155,5.166666666666667,0.8269147534873336,0.5623272983458854,0.0,0.8269147534873336,0.0,0.5623272983458854,32.013124087094525,32.013124087094525,1.3859270237471932,1.3859270237471932,0.0,0.0
lateral_vertical__aligned,156,5.2,0.8052185684163901,0.5929781252942298,0.0,0.8052185684163901,0.0,0.5929781252942298,32.0506788922713,32.0506788922713,0.9050874106447839,0.9050874106447839,0.0,0.0
lateral_vertical__aligned,157,5.233333333333333,0.789898912943849,0.6132370726971141,0.0,0.789898912943849,0.0,0.6132370726971141,32.076078724514055,32.076078724514055,0.65929648259789,0.65929648259789,0.0,0.0
lateral_vertical__aligned,158,5.266666666666667,0.7766661580294011,0.6299124375433853,0.0,0.7766661580294011,0.0,0.6299124375433853,32.0973670008716,32.0973670008716,0.65929648259789,0.65929648259789,0.0,0.0
lateral_vertical__aligned,159,5.3,0.760417687910354,0.6494343230174021,0.0,0.760417687910354,0.0,0.6494343230174021,32.122766833114355,32.122766833114355,0.905087410644783,0.905087410644783,0.0,0.0
lateral_vertical__aligned,160,5.333333333333333,0.7354978713972234,0.6775270335345693,0.0,0.7354978713972234,0.0,0.6775270335345693,32.16032163829112,32.16032163829112,1.3859270237471932,1.3859270237471932,0.0,0.0
lateral_vertical__aligned,161,5.366666666666666,0.6955457861449011,0.7184817738649126,0.0,0.6955457861449011,0.0,0.7184817738649126,32.217543602807474,32.217543602807474,2.080800323488085,2.080800323488085,0.0,0.0
lateral_vertical__aligned,162,5.4,0.6331665741823597,0.774015561431535,0.0,0.6331665741823597,0.0,0.774015561431535,32.301085363832314,32.301085363832314,2.959338012296774,2.959338012296774,0.0,0.0
lateral_vertical__aligned,163,5.433333333333334,0.5398623773221964,0.8417532973217428,0.0,0.5398623773221964,0.0,0.8417532973217428,32.41644925713074,32.41644925713074,3.9831437774807203,3.9831437774807203,0.0,0.0
lateral_vertical__aligned,164,5.466666666666667,0.4068252583841253,0.9135059984152757,0.0,0.4068252583841253,0.0,0.9135059984152757,32.56774683858798,32.56774683858798,5.10747239433628,5.10747239433628,0.0,0.0
lateral_vertical__aligned,165,5.5,0.22720209469308905,0.9738476308781947,0.0,0.22720209469308905,0.0,0.9738476308781947,32.757519189487724,32.757519189487724,6.283185307179585,6.283185307179585,0.0,0.0
lateral_vertical__aligned,166,5.533333333333333,9.700362606338818e-05,0.9999999952951483,0.0,9.700362606338818e-05,0.0,0.9999999952951483,32.98662585906661,32.98662585906661,7.458898220022892,7.458898220022892,0.0,0.0
lateral_vertical__aligned,167,5.566666666666666,-0.26430616734524937,0.9644388264183815,0.0,-0.26430616734524937,0.0,0.9644388264183815,33.25420729808802,33.25420729808802,8.58322683687845,8.58322683687845,0.0,0.0
lateral_vertical__aligned,168,5.6,-0.5404733117207982,0.8413611586694224,0.0,-0.5404733117207982,0.0,0.8413611586694224,33.55772242526823,33.55772242526823,9.607032602062397,9.607032602062397,0.0,0.0
lateral_vertical__aligned,169,5.633333333333334,-0.7872501876897119,0.616633717844324,0.0,-0.7872501876897119,0.0,0.616633717844324,33.89305968472203,33.89305968472203,10.485570290871086,10.485570290871086,0.0,0.0
lateral_vertical__aligned,170,5.666666666666667,-0.9545045584902614,0.2981963242920864,0.0,-0.9545045584902614,0.0,0.2981963242920864,34.25471674068432,34.25471674068432,11.180443590611977,11.180443590611977,0.0,0.0
lateral_vertical__aligned,171,5.7,-0.9969187497449561,-0.0784411015154278,0.0,-0.9969187497449561,0.0,-0.0784411015154278,34.636040955986196,34.636040955986196,11.661283203714387,11.661283203714387,0.0,0.0
lateral_vertical__aligned,172,5.733333333333333,-0.8906602990043851,-0.45466936533861535,0.0,-0.8906602990043851,0.0,-0.45466936533861535,35.02952014422207,35.02952014422207,11.907074131761282,11.907074131761282,0.0,0.0
lateral_vertical__aligned,173,5.766666666666667,-0.6451385698616788,-0.7640655899049686,0.0,-0.6451385698616788,0.0,-0.7640655899049686,35.427110888343165,35.427110888343165,11.907074131761282,11.907074131761282,0.0,0.0
lateral_vertical__aligned,174,5.8,-0.3028917090551394,-0.9530249800428406,0.0,-0.3028917090551394,0.0,-0.9530249800428406,35.82059007657905,35.82059007657905,11.661283203714389,11.661283203714389,0.0,0.0
lateral_vertical__aligned,175,5.833333333333333,0.07353234886534321,-0.9972928324571201,0.0,0.07353234886534321,0.0,-0.9972928324571201,36.20191429188092,36.20191429188092,11.18044359061198,11.18044359061198,0.0,0.0
lateral_vertical__aligned,176,5.866666666666666,0.4216423935516767,-0.9067622025426584,0.0,0.4216423935516767,0.0,-0.9067622025426584,36.56357134784321,36.56357134784321,10.485570290871088,10.485570290871088,0.0,0.0
lateral_vertical__aligned,177,5.9,0.6965609025344777,-0.7174976718152847,0.0,0.6965609025344777,0.0,-0.7174976718152847,36.89890860729702,36.89890860729702,9.607032602062397,9.607032602062397,0.0,0.0
lateral_vertical__aligned,178,5.933333333333334,0.8791655513733438,-0.47651645646126883,0.0,0.8791655513733438,0.0,-0.47651645646126883,37.20242373447722,37.20242373447722,8.583226836878456,8.583226836878456,0.0,0.0
lateral_vertical__aligned,179,5.966666666666667,0.9738696657234185,-0.22710762687271682,0.0,0.9738696657234185,0.0,-0.22710762687271682,37.47000517349862,37.47000517349862,7.458898220022894,7.458898220022894,0.0,0.0
lateral_vertical__aligned,180,6.0,1.0,-1.4695761589768238e-15,0.0,1.0,0.0,-1.4695761589768238e-15,37.69911184307752,37.69911184307752,6.283185307179586,6.283185307179586,0.0,0.0
lateral_vertical__aligned,181,6.033333333333333,0.9738696657234192,0.22710762687271396,0.0,0.9738696657234192,0.0,0.22710762687271396,37.928218512656414,37.928218512656414,7.458898220022892,7.458898220022892,0.0,0.0
lateral_vertical__aligned,182,6.066666666666666,0.8791655513733453,0.4765164564612663,0.0,0.8791655513733453,0.0,0.4765164564612663,38.19579995167781,38.19579995167781,8.583226836878453,8.583226836878453,0.0,0.0
lateral_vertical__aligned,183,6.1,0.6965609025344798,0.7174976718152826,0.0,0.6965609025344798,0.0,0.7174976718152826,38.49931507885802,38.49931507885802,9.607032602062398,9.607032602062398,0.0,0.0
lateral_vertical__aligned,184,6.133333333333334,0.4216423935516794,0.9067622025426572,0.0,0.4216423935516794,0.0,0.9067622025426572,38.83465233831183,38.83465233831183,10.485570290871088,10.485570290871088,0.0,0.0
lateral_vertical__aligned,185,6.166666666666667,0.07353234886534615,0.9972928324571199,0.0,0.07353234886534615,0.0,0.9972928324571199,39.19630939427412,39.19630939427412,11.18044359061198,11.18044359061198,0.0,0.0
lateral_vertical__aligned,186,6.2,-0.3028917090551366,0.9530249800428415,0.0,-0.3028917090551366,0.0,0.9530249800428415,39.57763360957598,39.57763360957598,11.661283203714389,11.661283203714389,0.0,0.0
lateral_vertical__aligned,187,6.233333333333333,-0.6451385698616766,0.7640655899049705,0.0,-0.6451385698616766,0.0,0.7640655899049705,39.97111279781187,39.97111279781187,11.907074131761282,11.907074131761282,0.0,0.0
lateral_vertical__aligned,188,6.266666666666667,-0.8906602990043838,0.45466936533861796,0.0,-0.8906602990043838,0.0,0.45466936533861796,40.368703541932966,40.368703541932966,11.907074131761282,11.907074131761282,0.0,0.0
lateral_vertical__aligned,189,6.3,-0.9969187497449559,0.07844110151543073,0.0,-0.9969187497449559,0.0,0.07844110151543073,40.76218273016884,40.76218273016884,11.66128320371439,11.66128320371439,0.0,0.0
lateral_vertical__aligned,190,6.333333333333333,-0.9545045584902623,-0.2981963242920836,0.0,-0.9545045584902623,0.0,-0.2981963242920836,41.14350694547071,41.14350694547071,11.18044359061198,11.18044359061198,0.0,0.0
lateral_vertical__aligned,191,6.366666666666666,-0.7872501876897138,-0.6166337178443216,0.0,-0.7872501876897138,0.0,-0.6166337178443216,41.505164001433,41.505164001433,10.485570290871088,10.485570290871088,0.0,0.0
lateral_vertical__aligned,192,6.4,-0.5404733117208007,-0.8413611586694207,0.0,-0.5404733117208007,0.0,-0.8413611586694207,41.8405012608868,41.8405012608868,9.607032602062398,9.607032602062398,0.0,0.0
lateral_vertical__aligned,193,6.433333333333334,-0.2643061673452522,-0.9644388264183807,0.0,-0.2643061673452522,0.0,-0.9644388264183807,42.144016388067016,42.144016388067016,8.583226836878453,8.583226836878453,0.0,0.0
lateral_vertical__aligned,194,6.466666666666667,9.700362606044903e-05,-0.9999999952951483,0.0,9.700362606044903e-05,0.0,-0.9999999952951483,42.41159782708842,42.41159782708842,7.458898220022893,7.458898220022893,0.0,0.0
lateral_vertical__aligned,195,6.5,0.2272020946930862,-0.9738476308781954,0.0,0.2272020946930862,0.0,-0.9738476308781954,42.64070449666731,42.64070449666731,6.283185307179587,6.283185307179587,0.0,0.0
lateral_vertical__aligned,196,6.533333333333333,0.40682525838412265,-0.9135059984152769,0.0,0.40682525838412265,0.0,-0.9135059984152769,42.830476847567056,42.830476847567056,5.1074723943362805,5.1074723943362805,0.0,0.0
lateral_vertical__aligned,197,6.566666666666666,0.539862377322194,-0.8417532973217444,0.0,0.539862377322194,0.0,-0.8417532973217444,42.98177442902429,42.98177442902429,3.9831437774807212,3.9831437774807212,0.0,0.0
lateral_vertical__aligned,198,6.6,0.6331665741823573,-0.7740155614315369,0.0,0.6331665741823573,0.0,-0.7740155614315369,43.09713832232272,43.09713832232272,2.959338012296775,2.959338012296775,0.0,0.0
lateral_vertical__aligned,199,6.633333333333334,0.695545786144899,-0.7184817738649146,0.0,0.695545786144899,0.0,-0.7184817738649146,43.18068008334756,43.18068008334756,2.080800323488086,2.080800323488086,0.0,0.0
lateral_vertical__aligned,200,6.666666666666667,0.7354978713972214,-0.6775270335345714,0.0,0.7354978713972214,0.0,-0.6775270335345714,43.23790204786391,43.23790204786391,1.385927023747195,1.385927023747195,0.0,0.0
lateral_vertical__aligned,201,6.7,0.7604176879103521,-0.6494343230174043,0.0,0.7604176879103521,0.0,-0.6494343230174043,43.27545685304068,43.27545685304068,0.9050874106447848,0.9050874106447848,0.0,0.0
lateral_vertical__aligned,202,6.733333333333333,0.7766661580293993,-0.6299124375433875,0.0,0.7766661580293993,0.0,-0.6299124375433875,43.300856685283435,43.300856685283435,0.65929648259789,0.65929648259789,0.0,0.0
lateral_vertical__aligned,203,6.766666666666667,0.7898989129438472,-0.6132370726971165,0.0,0.7898989129438472,0.0,-0.6132370726971165,43.32214496164098,43.32214496164098,0.65929648259789,0.65929648259789,0.0,0.0
lateral_vertical__aligned,204,6.8,0.8052185684163884,-0.5929781252942322,0.0,0.8052185684163884,0.0,-0.5929781252942322,43.347544793883735,43.347544793883735,0.9050874106447839,0.9050874106447839,0.0,0.0
lateral_vertical__aligned,205,6.833333333333333,0.8269147534873319,-0.5623272983458877,0.0,0.8269147534873319,0.0,-0.5623272983458877,43.38509959906051,43.38509959906051,1.3859270237471932,1.3859270237471932,0.0,0.0
lateral_vertical__aligned,206,6.866666666666666,0.8577212328745764,-0.5141150519836166,0.0,0.8577212328745764,0.0,-0.5141150519836166,43.44232156357685,43.44232156357685,2.0808003234880834,2.0808003234880834,0.0,0.0
lateral_vertical__aligned,207,6.9,0.8976299927068347,-0.44074981133646307,0.0,0.8976299927068347,0.0,-0.44074981133646307,43.525863324601694,43.525863324601694,2.9593380122967754,2.9593380122967754,0.0,0.0
lateral_vertical__aligned,208,6.933333333333334,0.9423973173542836,-0.33449558478917146,0.0,0.9423973173542836,0.0,-0.33449558478917146,43.64122721790013,43.64122721790013,3.9831437774807172,3.9831437774807172,0.0,0.0
lateral_vertical__aligned,209,6.966666666666667,0.9820472032286662,-0.18863533770413923,0.0,0.9820472032286662,0.0,-0.18863533770413923,43.79252479935736,43.79252479935736,5.107472394336279,5.107472394336279,0.0,0.0
lateral_vertical__aligned,210,7.0,1.0,-1.7145055188062944e-15,0.0,1.0,0.0,-1.7145055188062944e-15,43.982297150257104,43.982297150257104,6.283185307179586,6.283185307179586,0.0,0.0
lateral_vertical__aligned,211,7.033333333333333,0.9820472032286669,0.18863533770413587,0.0,0.9820472032286669,0.0,0.18863533770413587,44.17206950115685,44.17206950115685,5.1074723943362805,5.1074723943362805,0.0,0.0
lateral_vertical__aligned,212,7.066666666666666,0.9423973173542847,0.3344955847891682,0.0,0.9423973173542847,0.0,0.3344955847891682,44.32336708261408,44.32336708261408,3.98314377748072,3.98314377748072,0.0,0.0
lateral_vertical__aligned,213,7.1,0.8976299927068363,0.44074981133646,0.0,0.8976299927068363,0.0,0.44074981133646,44.43873097591251,44.43873097591251,2.959338012296774,2.959338012296774,0.0,0.0
lateral_vertical__aligned,214,7.133333333333334,0.8577212328745781,0.5141150519836136,0.0,0.8577212328745781,0.0,0.5141150519836136,44.52227273693736,44.52227273693736,2.080800323488085,2.080800323488085,0.0,0.0
lateral_vertical__aligned,215,7.166666666666667,0.8269147534873339,0.5623272983458849,0.0,0.8269147534873339,0.0,0.5623272983458849,44.5794947014537,44.5794947014537,1.3859270237471932,1.3859270237471932,0.0,0.0
lateral_vertical__aligned,216,7.2,0.8052185684163904,0.5929781252942294,0.0,0.8052185684163904,0.0,0.5929781252942294,44.61704950663047,44.61704950663047,0.9050874106447839,0.9050874106447839,0.0,0.0
lateral_vertical__aligned,217,7.233333333333333,0.7898989129438493,0.6132370726971138,0.0,0.7898989129438493,0.0,0.6132370726971138,44.64244933887323,44.64244933887323,0.65929648259789,0.65929648259789,0.0,0.0
lateral_vertical__aligned,218,7.266666666666667,0.7766661580294014,0.6299124375433849,0.0,0.7766661580294014,0.0,0.6299124375433849,44.66373761523077,44.66373761523077,0.65929648259789,0.65929648259789,0.0,0.0
lateral_vertical__aligned,219,7.3,0.7604176879103544,0.6494343230174017,0.0,0.7604176879103544,0.0,0.6494343230174017,44.68913744747353,44.68913744747353,0.905087410644783,0.905087410644783,0.0,0.0
lateral_vertical__aligned,220,7.333333333333333,0.7354978713972238,0.677527033534569,0.0,0.7354978713972238,0.0,0.677527033534569,44.726692252650295,44.726692252650295,1.3859270237471932,1.3859270237471932,0.0,0.0
lateral_vertical__aligned,221,7.366666666666666,0.6955457861449015,0.7184817738649123,0.0,0.6955457861449015,0.0,0.7184817738649123,44.78391421716665,44.78391421716665,2.080800323488085,2.080800323488085,0.0,0.0
lateral_vertical__aligned,222,7.4,0.63316657418236,0.7740155614315348,0.0,0.63316657418236,0.0,0.7740155614315348,44.86745597819149,44.86745597819149,2.959338012296774,2.959338012296774,0.0,0.0
lateral_vertical__aligned,223,7.433333333333334,0.5398623773221969,0.8417532973217425,0.0,0.5398623773221969,0.0,0.8417532973217425,44.982819871489916,44.982819871489916,3.9831437774807203,3.9831437774807203,0.0,0.0
lateral_vertical__aligned,224,7.466666666666667,0.40682525838412575,0.9135059984152755,0.0,0.40682525838412575,0.0,0.9135059984152755,45.13411745294715,45.13411745294715,5.10747239433628,5.10747239433628,0.0,0.0
lateral_vertical__aligned,225,7.5,0.22720209469308952,0.9738476308781946,0.0,0.22720209469308952,0.0,0.9738476308781946,45.323889803846896,45.323889803846896,6.283185307179585,6.283185307179585,0.0,0.0
lateral_vertical__aligned,226,7.533333333333333,9.700362606387805e-05,0.9999999952951483,0.0,9.700362606387805e-05,0.0,0.9999999952951483,45.552996473425786,45.552996473425786,7.458898220022892,7.458898220022892,0.0,0.0
lateral_vertical__aligned,227,7.566666666666666,-0.26430616734524887,0.9644388264183816,0.0,-0.26430616734524887,0.0,0.9644388264183816,45.82057791244719,45.82057791244719,8.58322683687845,8.58322683687845,0.0,0.0
lateral_vertical__aligned,228,7.6,-0.5404733117207978,0.8413611586694226,0.0,-0.5404733117207978,0.0,0.8413611586694226,46.124093039627404,46.124093039627404,9.607032602062397,9.607032602062397,0.0,0.0
lateral_vertical__aligned,229,7.633333333333334,-0.7872501876897116,0.6166337178443244,0.0,-0.7872501876897116,0.0,0.6166337178443244,46.459430299081205,46.459430299081205,10.485570290871086,10.485570290871086,0.0,0.0
lateral_vertical__aligned,230,7.666666666666667,-0.9545045584902613,0.29819632429208687,0.0,-0.9545045584902613,0.0,0.29819632429208687,46.821087355043495,46.821087355043495,11.180443590611977,11.180443590611977,0.0,0.0
lateral_vertical__aligned,231,7.7,-0.9969187497449561,-0.0784411015154273,0.0,-0.9969187497449561,0.0,-0.0784411015154273,47.20241157034537,47.20241157034537,11.661283203714387,11.661283203714387,0.0,0.0
lateral_vertical__aligned,232,7.733333333333333,-0.8906602990043854,-0.4546693653386149,0.0,-0.8906602990043854,0.0,-0.4546693653386149,47.59589075858124,47.59589075858124,11.907074131761282,11.907074131761282,0.0,0.0
lateral_vertical__aligned,233,7.766666666666667,-0.6451385698616792,-0.7640655899049683,0.0,-0.6451385698616792,0.0,-0.7640655899049683,47.99348150270234,47.99348150270234,11.907074131761282,11.907074131761282,0.0,0.0
lateral_vertical__aligned,234,7.8,-0.3028917090551399,-0.9530249800428405,0.0,-0.3028917090551399,0.0,-0.9530249800428405,48.386960690938224,48.386960690938224,11.661283203714389,11.661283203714389,0.0,0.0
lateral_vertical__aligned,235,7.833333333333333,0.07353234886534273,-0.9972928324571202,0.0,0.07353234886534273,0.0,-0.9972928324571202,48.76828490624009,48.76828490624009,11.18044359061198,11.18044359061198,0.0,0.0
lateral_vertical__aligned,236,7.866666666666666,0.42164239355167626,-0.9067622025426586,0.0,0.42164239355167626,0.0,-0.9067622025426586,49.12994196220238,49.12994196220238,10.485570290871088,10.485570290871088,0.0,0.0
lateral_vertical__aligned,237,7.9,0.6965609025344773,-0.717497671815285,0.0,0.6965609025344773,0.0,-0.717497671815285,49.46527922165619,49.46527922165619,9.607032602062397,9.607032602062397,0.0,0.0
lateral_vertical__aligned,238,7.933333333333334,0.8791655513733436,-0.4765164564612693,0.0,0.8791655513733436,0.0,-0.4765164564612693,49.768794348836394,49.768794348836394,8.583226836878456,8.583226836878456,0.0,0.0
lateral_vertical__aligned,239,7.966666666666667,0.9738696657234184,-0.2271076268727173,0.0,0.9738696657234184,0.0,-0.2271076268727173,50.03637578785779,50.03637578785779,7.458898220022894,7.458898220022894,0.0,0.0
lateral_vertical__opposed,0,0.0,1.0,0.0,0.0,1.0,0.0,0.0,0.0,0.0,6.283185307179586,6.283185307179586,0.0,0.0
lateral_vertical__opposed,1,0.03333333333333333,0.9738696657234194,0.22710762687271288,0.0,0.9820472032286666,0.0,0.18863533770413773,0.22910666957889445,0.18977235089974462,7.4588982200228955,5.107472394336277,-0.03933431867914983,0.0
lateral_vertical__opposed,2,0.06666666666666667,0.8791655513733433,0.4765164564612698,0.0,0.9423973173542818,0.0,0.3344955847891763,0.4966881086002982,0.3410699323569799,8.58322683687846,3.983143777480713,-0.1556181762433183,0.0
lateral_vertical__opposed,3,0.1,0.696560902534475,0.7174976718152872,0.0,0.8976299927068346,0.0,0.44074981133646324,0.8002032357805059,0.45643382565541135,9.607032602062407,2.9593380122967643,-0.34376941012509454,0.0
lateral_vertical__opposed,4,0.13333333333333333,0.42164239355168126,0.9067622025426563,0.0,0.8577212328745802,0.0,0.5141150519836101,1.1355404952343058,0.5399755866802506,10.485570290871078,2.080800323488096,-0.5955649085540552,0.0
lateral_vertical__opposed,5,0.16666666666666666,0.07353234886534646,0.9972928324571199,0.0,0.8269147534873307,0.0,0.5623272983458896,1.4971975511965976,0.5971975511965977,11.180443590611974,1.3859270237471986,-0.8999999999999999,0.0
lateral_vertical__opposed,6,0.2,-0.30289170905513696,0.9530249800428414,0.0,0.8052185684163887,0.0,0.5929781252942317,1.8785217664984646,0.6347523563733699,11.661283203714387,0.9050874106447857,-1.2437694101250947,0.0
lateral_vertical__opposed,7,0.23333333333333334,-0.645138569861675,0.7640655899049719,0.0,0.7898989129438475,0.0,0.613237072697116,2.2720009547343487,0.6601521886161249,11.90707413176128,0.6592964825978909,-1.6118487661182237,0.0
lateral_vertical__opposed,8,0.26666666666666666,-0.8906602990043825,0.4546693653386206,0.0,0.7766661580294005,0.0,0.6299124375433861,2.6695916988554442,0.6814404649736685,11.907074131761282,0.65929648259789,-1.9881512338817757,0.0
lateral_vertical__opposed,9,0.3,-0.9969187497449565,0.07844110151542173,0.0,0.7604176879103536,0.0,0.6494343230174027,3.0630708870913286,0.7068402972164232,11.661283203714387,0.9050874106447857,-2.3562305898749054,0.0
lateral_vertical__opposed,10,0.3333333333333333,-0.9545045584902616,-0.29819632429208587,0.0,0.73549787139722,0.0,0.677527033534573,3.4443951023931954,0.7443951023931954,11.180443590611976,1.3859270237471977,-2.7,0.0
lateral_vertical__opposed,11,0.36666666666666664,-0.7872501876897112,-0.616633717844325,0.0,0.6955457861449008,0.0,0.718481773864913,3.806052158355487,0.8016170669095424,10.485570290871078,2.080800323488094,-3.004435091445945,0.0
lateral_vertical__opposed,12,0.4,-0.5404733117207987,-0.8413611586694221,0.0,0.6331665741823593,0.0,0.7740155614315353,4.141389417809287,0.885158827934382,9.607032602062409,2.9593380122967634,-3.256230589874905,0.0
lateral_vertical__opposed,13,0.43333333333333335,-0.2643061673452533,-0.9644388264183804,0.0,0.5398623773221947,0.0,0.841753297321744,4.4449045449894955,1.0005227212328132,8.58322683687846,3.9831437774807132,-3.4443818237566823,0.0
lateral_vertical__opposed,14,0.4666666666666667,9.700362605658954e-05,-0.9999999952951483,0.0,0.4068252583841234,0.0,0.9135059984152766,4.712485984010899,1.1518203026900489,7.4588982200228955,5.107472394336277,-3.5606656813208497,0.0
lateral_vertical__opposed,15,0.5,0.22720209469308678,-0.9738476308781953,0.0,0.22720209469308722,0.0,0.9738476308781951,4.941592653589793,1.341592653589793,6.283185307179587,6.283185307179585,-3.5999999999999996,0.0
lateral_vertical__opposed,16,0.5333333333333333,0.406825258384124,-0.9135059984152762,0.0,9.700362605727856e-05,0.0,0.9999999952951483,5.131365004489538,1.5706993231686872,5.107472394336279,7.458898220022894,-3.560665681320851,0.0
lateral_vertical__opposed,17,0.5666666666666667,0.5398623773221946,-0.8417532973217441,0.0,-0.2643061673452531,0.0,0.9644388264183805,5.282662585946773,1.8382807621900907,3.9831437774807146,8.583226836878458,-3.4443818237566823,0.0
lateral_vertical__opposed,18,0.6,0.6331665741823599,-0.7740155614315349,0.0,-0.5404733117207982,0.0,0.8413611586694224,5.398026479245205,2.141795889370299,2.9593380122967647,9.607032602062407,-3.256230589874906,0.0
lateral_vertical__opposed,19,0.6333333333333333,0.6955457861449008,-0.718481773864913,0.0,-0.7872501876897104,0.0,0.6166337178443259,5.481568240270044,2.477133148824098,2.080800323488096,10.485570290871078,-3.004435091445946,0.0
lateral_vertical__opposed,20,0.6666666666666666,0.73549787139722,-0.677527033534573,0.0,-0.9545045584902613,0.0,0.2981963242920869,5.538790204786391,2.83879020478639,1.3859270237471994,11.180443590611972,-2.700000000000001,0.0
lateral_vertical__opposed,21,0.7,0.7604176879103531,-0.6494343230174032,0.0,-0.9969187497449565,0.0,-0.07844110151542148,5.576345009963163,3.2201144200882577,0.9050874106447857,11.661283203714387,-2.356230589874905,0.0
lateral_vertical__opposed,22,0.7333333333333333,0.7766661580294008,-0.6299124375433858,0.0,-0.8906602990043831,0.0,-0.45466936533861924,5.601744842205918,3.6135936083241407,0.6592964825978909,11.90707413176128,-1.9881512338817777,0.0
lateral_vertical__opposed,23,0.7666666666666667,0.7898989129438475,-0.613237072697116,0.0,-0.6451385698616745,0.0,-0.7640655899049723,5.623033118563462,4.011184352445238,0.6592964825978909,11.90707413176128,-1.6118487661182233,0.0
lateral_vertical__opposed,24,0.8,0.8052185684163887,-0.5929781252942317,0.0,-0.3028917090551374,0.0,-0.9530249800428413,5.6484329508062165,4.404663540681121,0.9050874106447857,11.661283203714387,-1.2437694101250951,0.0
lateral_vertical__opposed,25,0.8333333333333334,0.8269147534873308,-0.5623272983458895,0.0,0.07353234886534621,0.0,-0.9972928324571199,5.685987755982989,4.785987755982989,1.3859270237471986,11.180443590611974,-0.9000000000000004,0.0
lateral_vertical__opposed,26,0.8666666666666667,0.8577212328745804,-0.51411505198361,0.0,0.42164239355168187,0.0,-0.9067622025426559,5.743209720499336,5.147644811945281,2.080800323488096,10.485570290871078,-0.5955649085540546,0.0
lateral_vertical__opposed,27,0.9,0.8976299927068346,-0.44074981133646335,0.0,0.6965609025344747,0.0,-0.7174976718152876,5.826751481524175,5.48298207139908,2.959338012296763,9.607032602062409,-0.34376941012509477,0.0
lateral_vertical__opposed,28,0.9333333333333333,0.942397317354282,-0.3344955847891759,0.0,0.8791655513733432,0.0,-0.4765164564612701,5.942115374822607,5.786497198579288,3.983143777480713,8.58322683687846,-0.15561817624331908,0.0
lateral_vertical__opposed,29,0.9666666666666667,0.9820472032286666,-0.1886353377041378,0.0,0.9738696657234192,0.0,-0.22710762687271388,6.093412956279842,6.054078637600691,5.107472394336273,7.458898220022899,-0.039334318679150826,0.0
lateral_vertical__opposed,30,1.0,1.0,-2.4492935982947064e-16,0.0,1.0,0.0,-2.4492935982947064e-16,6.283185307179586,6.283185307179586,6.283185307179586,6.283185307179586,0.0,0.0
lateral_vertical__opposed,31,1.0333333333333334,0.9820472032286667,0.18863533770413732,0.0,0.9738696657234193,0.0,0.2271076268727134,6.472957658079331,6.5122919767584815,5.107472394336273,7.458898220022899,0.039334318679150826,0.0
lateral_vertical__opposed,32,1.0666666666666667,0.9423973173542821,0.33449558478917546,0.0,0.8791655513733434,0.0,0.47651645646126967,6.6242552395365655,6.779873415779885,3.983143777480713,8.58322683687846,0.15561817624331908,0.0
lateral_vertical__opposed,33,1.1,0.8976299927068344,0.4407498113364637,0.0,0.6965609025344744,0.0,0.7174976718152878,6.739619132834998,7.083388542960093,2.9593380122967616,9.60703260206241,0.34376941012509477,0.0
lateral_vertical__opposed,34,1.1333333333333333,0.8577212328745806,0.5141150519836095,0.0,0.4216423935516823,0.0,0.9067622025426557,6.8231608938598365,7.418725802413891,2.080800323488096,10.485570290871078,0.5955649085540546,0.0
lateral_vertical__opposed,35,1.1666666666666667,0.8269147534873306,0.5623272983458898,0.0,0.07353234886534582,0.0,0.99729283245712,6.880382858376184,7.780382858376185,1.3859270237471977,11.180443590611976,0.9000000000000004,0.0
lateral_vertical__opposed,36,1.2,0.8052185684163885,0.592978125294232,0.0,-0.30289170905513607,0.0,0.9530249800428416,6.917937663552957,8.16170707367805,0.9050874106447857,11.661283203714387,1.2437694101250933,0.0
lateral_vertical__opposed,37,1.2333333333333334,0.7898989129438478,0.6132370726971156,0.0,-0.6451385698616748,0.0,0.7640655899049721,6.943337495795711,8.555186261913935,0.65929648259789,11.907074131761282,1.6118487661182241,0.0
lateral_vertical__opposed,38,1.2666666666666666,0.7766661580294005,0.6299124375433861,0.0,-0.8906602990043819,0.0,0.4546693653386216,6.964625772153255,8.95277700603503,0.65929648259789,11.907074131761282,1.9881512338817746,0.0
lateral_vertical__opposed,39,1.3,0.7604176879103535,0.6494343230174028,0.0,-0.9969187497449565,0.0,0.07844110151542241,6.99002560439601,9.346256194270914,0.9050874106447857,11.661283203714387,2.3562305898749045,0.0
lateral_vertical__opposed,40,1.3333333333333333,0.7354978713972203,0.6775270335345727,0.0,-0.954504558490262,0.0,-0.29819632429208476,7.027580409572781,9.72758040957278,1.3859270237471968,11.180443590611976,2.6999999999999993,0.0
lateral_vertical__opposed,41,1.3666666666666667,0.6955457861449005,0.7184817738649133,0.0,-0.7872501876897108,0.0,-0.6166337178443254,7.084802374089129,10.089237465535074,2.080800323488095,10.485570290871078,3.004435091445945,0.0
lateral_vertical__opposed,42,1.4,0.6331665741823596,0.7740155614315352,0.0,-0.5404733117207996,0.0,-0.8413611586694214,7.168344135113968,10.424574724988872,2.9593380122967616,9.60703260206241,3.256230589874904,0.0
lateral_vertical__opposed,43,1.4333333333333333,0.5398623773221957,0.8417532973217433,0.0,-0.2643061673452544,0.0,-0.9644388264183801,7.2837080284123985,10.72808985216908,3.9831437774807132,8.58322683687846,3.4443818237566823,0.0
lateral_vertical__opposed,44,1.4666666666666666,0.4068252583841244,0.9135059984152761,0.0,9.700362605456825e-05,0.0,-0.9999999952951483,7.435005609869634,10.995671291190483,5.107472394336272,7.458898220022901,3.560665681320849,0.0
lateral_vertical__opposed,45,1.5,0.22720209469308725,0.9738476308781951,0.0,0.2272020946930874,0.0,-0.9738476308781951,7.6247779607693795,11.22477796076938,6.283185307179585,6.283185307179587,3.6000000000000005,0.0
lateral_vertical__opposed,46,1.5333333333333334,9.700362605530304e-05,0.9999999952951483,0.0,0.40682525838412376,0.0,-0.9135059984152764,7.853884630348276,11.414550311669124,7.458898220022899,5.107472394336273,3.560665681320849,0.0
lateral_vertical__opposed,47,1.5666666666666667,-0.2643061673452537,0.9644388264183803,0.0,0.539862377322195,0.0,-0.8417532973217438,8.121466069369678,11.56584789312636,8.583226836878458,3.9831437774807146,3.4443818237566823,0.0
lateral_vertical__opposed,48,1.6,-0.540473311720799,0.8413611586694218,0.0,0.6331665741823583,0.0,-0.7740155614315362,8.424981196549886,11.68121178642479,9.607032602062409,2.959338012296763,3.256230589874903,0.0
lateral_vertical__opposed,49,1.6333333333333333,-0.7872501876897103,0.616633717844326,0.0,0.6955457861448999,0.0,-0.7184817738649137,8.760318456003684,11.76475354744963,10.485570290871078,2.080800323488096,3.004435091445945,0.0
lateral_vertical__opposed,50,1.6666666666666667,-0.9545045584902617,0.2981963242920855,0.0,0.7354978713972198,0.0,-0.6775270335345732,9.121975511965978,11.821975511965977,11.180443590611976,1.3859270237471977,2.6999999999999993,0.0
lateral_vertical__opposed,51,1.7,-0.9969187497449565,-0.07844110151542169,0.0,0.7604176879103529,0.0,-0.6494343230174033,9.503299727267844,11.859530317142749,11.661283203714387,0.9050874106447857,2.3562305898749045,0.0
lateral_vertical__opposed,52,1.7333333333333334,-0.8906602990043823,-0.45466936533862096,0.0,0.7766661580294012,0.0,-0.6299124375433852,9.89677891550373,11.884930149385506,11.907074131761282,0.65929648259789,1.9881512338817764,0.0
lateral_vertical__opposed,53,1.7666666666666666,-0.6451385698616767,-0.7640655899049704,0.0,0.7898989129438468,0.0,-0.6132370726971169,10.294369659624822,11.906218425743047,11.907074131761282,0.65929648259789,1.611848766118225,0.0
lateral_vertical__opposed,54,1.8,-0.30289170905513846,-0.953024980042841,0.0,0.8052185684163891,0.0,-0.5929781252942312,10.687848847860707,11.931618257985804,11.661283203714387,0.9050874106447857,1.243769410125097,0.0
lateral_vertical__opposed,55,1.8333333333333333,0.0735323488653442,-0.9972928324571201,0.0,0.8269147534873307,0.0,-0.5623272983458897,11.069173063162573,11.969173063162575,11.180443590611976,1.385927023747196,0.9000000000000021,0.0
lateral_vertical__opposed,56,1.8666666666666667,0.4216423935516808,-0.9067622025426565,0.0,0.8577212328745806,0.0,-0.5141150519836094,11.430830119124867,12.026395027678923,10.485570290871078,2.080800323488096,0.5955649085540564,0.0
lateral_vertical__opposed,57,1.9,0.6965609025344746,-0.7174976718152877,0.0,0.8976299927068345,0.0,-0.44074981133646357,11.766167378578666,12.109936788703761,9.607032602062414,2.959338012296759,0.34376941012509477,0.0
lateral_vertical__opposed,58,1.9333333333333333,0.8791655513733426,-0.4765164564612711,0.0,0.9423973173542816,0.0,-0.334495584789177,12.069682505758873,12.225300682002192,8.58322683687846,3.983143777480713,0.15561817624331908,0.0
lateral_vertical__opposed,59,1.9666666666666666,0.9738696657234192,-0.22710762687271413,0.0,0.9820472032286661,0.0,-0.18863533770413976,12.337263944780277,12.376598263459426,7.458898220022899,5.107472394336273,0.03933431867914905,0.0
lateral_vertical__opposed,60,2.0,1.0,-4.898587196589413e-16,0.0,1.0,0.0,-4.898587196589413e-16,12.566370614359172,12.566370614359172,6.283185307179586,6.283185307179586,0.0,0.0
lateral_vertical__opposed,61,2.033333333333333,0.9738696657234197,0.22710762687271144,0.0,0.9820472032286667,0.0,0.18863533770413707,12.795477283938066,12.756142965258917,7.458898220022892,5.1074723943362805,-0.03933431867914905,0.0
lateral_vertical__opposed,62,2.066666666666667,0.8791655513733431,0.4765164564612702,0.0,0.9423973173542819,0.0,0.33449558478917607,13.063058722959472,12.907440546716153,8.583226836878467,3.9831437774807057,-0.15561817624331908,0.0
lateral_vertical__opposed,63,2.1,0.6965609025344752,0.717497671815287,0.0,0.897629992706835,0.0,0.4407498113364627,13.366573850139678,13.022804440014584,9.60703260206241,2.9593380122967616,-0.34376941012509477,0.0
lateral_vertical__opposed,64,2.1333333333333333,0.4216423935516817,0.906762202542656,0.0,0.8577212328745811,0.0,0.5141150519836086,13.701911109593478,13.106346201039422,10.485570290871078,2.080800323488096,-0.5955649085540564,0.0
lateral_vertical__opposed,65,2.1666666666666665,0.07353234886534872,0.9972928324571197,0.0,0.8269147534873312,0.0,0.5623272983458889,14.063568165555768,13.16356816555577,11.180443590611972,1.3859270237472012,-0.8999999999999986,0.0
lateral_vertical__opposed,66,2.2,-0.30289170905513924,0.9530249800428406,0.0,0.8052185684163886,0.0,0.5929781252942318,14.44489238085764,13.201122970732543,11.661283203714389,0.9050874106447839,-1.243769410125097,0.0
lateral_vertical__opposed,67,2.2333333333333334,-0.645138569861676,0.7640655899049711,0.0,0.7898989129438475,0.0,0.6132370726971161,14.838371569093523,13.226522802975298,11.907074131761282,0.65929648259789,-1.611848766118225,0.0
lateral_vertical__opposed,68,2.2666666666666666,-0.8906602990043818,0.45466936533862184,0.0,0.7766661580294018,0.0,0.6299124375433846,15.235962313214616,13.24781107933284,11.907074131761282,0.65929648259789,-1.9881512338817764,0.0
lateral_vertical__opposed,69,2.3,-0.9969187497449563,0.07844110151542444,0.0,0.7604176879103548,0.0,0.6494343230174013,15.629441501450499,13.273210911575594,11.66128320371439,0.905087410644783,-2.3562305898749045,0.0
lateral_vertical__opposed,70,2.3333333333333335,-0.954504558490261,-0.2981963242920879,0.0,0.7354978713972204,0.0,0.6775270335345724,16.01076571675237,13.310765716752368,11.180443590611972,1.3859270237472003,-2.700000000000003,0.0
lateral_vertical__opposed,71,2.3666666666666667,-0.7872501876897109,-0.6166337178443252,0.0,0.6955457861449007,0.0,0.7184817738649131,16.37242277271466,13.367987681268716,10.485570290871078,2.080800323488095,-3.004435091445945,0.0
lateral_vertical__opposed,72,2.4,-0.5404733117207998,-0.8413611586694213,0.0,0.6331665741823591,0.0,0.7740155614315356,16.70776003216846,13.451529442293555,9.60703260206241,2.9593380122967616,-3.256230589874903,0.0
lateral_vertical__opposed,73,2.433333333333333,-0.26430616734525464,-0.9644388264183801,0.0,0.5398623773221959,0.0,0.8417532973217432,17.011275159348667,13.566893335591985,8.583226836878469,3.9831437774807044,-3.4443818237566823,0.0
lateral_vertical__opposed,74,2.466666666666667,9.700362605787604e-05,-0.9999999952951483,0.0,0.40682525838412464,0.0,0.913505998415276,17.278856598370073,13.71819091704922,7.458898220022893,5.10747239433628,-3.5606656813208524,0.0
lateral_vertical__opposed,75,2.5,0.22720209469308716,-0.9738476308781951,0.0,0.22720209469308833,0.0,0.9738476308781949,17.507963267948966,13.907963267948965,6.283185307179587,6.283185307179585,-3.6000000000000014,0.0
lateral_vertical__opposed,76,2.533333333333333,0.40682525838412353,-0.9135059984152765,0.0,9.700362605910069e-05,0.0,0.9999999952951483,17.69773561884871,14.137069937527858,5.1074723943362805,7.458898220022892,-3.5606656813208524,0.0
lateral_vertical__opposed,77,2.566666666666667,0.5398623773221949,-0.8417532973217439,0.0,-0.2643061673452569,0.0,0.9644388264183794,17.849033200305946,14.404651376549268,3.9831437774807052,8.583226836878467,-3.444381823756679,0.0
lateral_vertical__opposed,78,2.6,0.6331665741823581,-0.7740155614315364,0.0,-0.5404733117207988,0.0,0.841361158669422,17.964397093604376,14.708166503729473,2.959338012296763,9.607032602062409,-3.256230589874903,0.0
lateral_vertical__opposed,79,2.6333333333333333,0.6955457861449024,-0.7184817738649115,0.0,-0.7872501876897112,0.0,0.6166337178443249,18.04793885462922,15.043503763183272,2.080800323488096,10.485570290871078,-3.004435091445947,0.0
lateral_vertical__opposed,80,2.6666666666666665,0.7354978713972197,-0.6775270335345733,0.0,-0.9545045584902605,0.0,0.2981963242920891,18.105160819145564,15.40516081914556,1.3859270237472021,11.18044359061197,-2.700000000000003,0.0
lateral_vertical__opposed,81,2.7,0.7604176879103528,-0.6494343230174036,0.0,-0.9969187497449565,0.0,-0.07844110151542144,18.142715624322335,15.78648503444743,0.9050874106447848,11.661283203714387,-2.3562305898749045,0.0
lateral_vertical__opposed,82,2.7333333333333334,0.7766661580293999,-0.6299124375433869,0.0,-0.8906602990043816,0.0,-0.45466936533862234,18.16811545656509,16.179964222683317,0.65929648259789,11.907074131761282,-1.9881512338817728,0.0
lateral_vertical__opposed,83,2.7666666666666666,0.7898989129438456,-0.6132370726971185,0.0,-0.6451385698616755,0.0,-0.7640655899049714,18.18940373292263,16.57755496680441,0.65929648259789,11.907074131761282,-1.6118487661182215,0.0
lateral_vertical__opposed,84,2.8,0.805218568416389,-0.5929781252942313,0.0,-0.30289170905513874,0.0,-0.9530249800428409,18.21480356516539,16.971034155040293,0.9050874106447839,11.661283203714389,-1.243769410125097,0.0
lateral_vertical__opposed,85,2.8333333333333335,0.8269147534873305,-0.5623272983458899,0.0,0.0735323488653475,0.0,-0.9972928324571197,18.25235837034216,17.352358370342163,1.3859270237472012,11.180443590611972,-0.8999999999999986,0.0
lateral_vertical__opposed,86,2.8666666666666667,0.8577212328745787,-0.5141150519836127,0.0,0.4216423935516806,0.0,-0.9067622025426565,18.309580334858506,17.714015426304453,2.080800323488096,10.485570290871078,-0.5955649085540529,0.0
lateral_vertical__opposed,87,2.9,0.8976299927068352,-0.4407498113364622,0.0,0.6965609025344731,0.0,-0.7174976718152891,18.39312209588335,18.04935268575825,2.959338012296759,9.607032602062414,-0.3437694101250983,0.0
lateral_vertical__opposed,88,2.933333333333333,0.9423973173542814,-0.33449558478917724,0.0,0.8791655513733408,0.0,-0.47651645646127444,18.50848598918178,18.352867812938456,3.9831437774807035,8.583226836878469,-0.15561817624332264,0.0
lateral_vertical__opposed,89,2.966666666666667,0.9820472032286671,-0.18863533770413476,0.0,0.9738696657234195,0.0,-0.22710762687271263,18.659783570639018,18.620449251959865,5.107472394336279,7.458898220022894,-0.0393343186791526,0.0
lateral_vertical__opposed,90,3.0,1.0,-7.347880794884119e-16,0.0,1.0,0.0,-7.347880794884119e-16,18.84955592153876,18.84955592153876,6.283185307179586,6.283185307179586,0.0,0.0
lateral_vertical__opposed,91,3.033333333333333,0.9820472032286675,0.18863533770413332,0.0,0.9738696657234198,0.0,0.22710762687271122,19.0393282724385,19.078662591117652,5.1074723943362805,7.458898220022892,0.0393343186791526,0.0
lateral_vertical__opposed,92,3.066666666666667,0.942397317354282,0.33449558478917585,0.0,0.8791655513733415,0.0,0.47651645646127316,19.19062585389574,19.34624403013906,3.9831437774807057,8.583226836878467,0.15561817624332264,0.0
lateral_vertical__opposed,93,3.1,0.8976299927068359,0.44074981133646085,0.0,0.6965609025344741,0.0,0.7174976718152881,19.305989747194168,19.649759157319266,2.9593380122967616,9.60703260206241,0.3437694101250983,0.0
lateral_vertical__opposed,94,3.1333333333333333,0.8577212328745795,0.5141150519836114,0.0,0.4216423935516819,0.0,0.9067622025426559,19.38953150821901,19.985096416773064,2.080800323488096,10.485570290871078,0.5955649085540529,0.0
lateral_vertical__opposed,95,3.1666666666666665,0.8269147534873313,0.5623272983458887,0.0,0.07353234886534896,0.0,0.9972928324571197,19.446753472735356,20.346753472735355,1.3859270237472012,11.180443590611972,0.8999999999999986,0.0
lateral_vertical__opposed,96,3.2,0.8052185684163898,0.5929781252942302,0.0,-0.3028917090551373,0.0,0.9530249800428413,19.484308277912127,20.728077688037224,0.9050874106447839,11.661283203714389,1.243769410125097,0.0
lateral_vertical__opposed,97,3.2333333333333334,0.7898989129438465,0.6132370726971174,0.0,-0.6451385698616744,0.0,0.7640655899049724,19.509708110154886,21.121556876273107,0.65929648259789,11.907074131761282,1.6118487661182215,0.0
lateral_vertical__opposed,98,3.2666666666666666,0.7766661580294009,0.6299124375433857,0.0,-0.8906602990043809,0.0,0.4546693653386236,19.530996386512427,21.5191476203942,0.65929648259789,11.907074131761282,1.9881512338817728,0.0
lateral_vertical__opposed,99,3.3,0.7604176879103538,0.6494343230174024,0.0,-0.9969187497449564,0.0,0.07844110151542291,19.556396218755182,21.912626808630087,0.905087410644783,11.66128320371439,2.3562305898749045,0.0
lateral_vertical__opposed,100,3.3333333333333335,0.7354978713972207,0.6775270335345723,0.0,-0.954504558490261,0.0,-0.2981963242920877,19.593951023931954,22.293951023931957,1.3859270237472003,11.180443590611972,2.700000000000003,0.0
lateral_vertical__opposed,101,3.3666666666666667,0.6955457861449008,0.718481773864913,0.0,-0.7872501876897132,0.0,-0.6166337178443223,19.6511729884483,22.655608079894243,2.080800323488095,10.485570290871078,3.0044350914459415,0.0
lateral_vertical__opposed,102,3.4,0.6331665741823592,0.7740155614315354,0.0,-0.5404733117208,0.0,-0.8413611586694212,19.73471474947314,22.990945339348045,2.9593380122967616,9.60703260206241,3.256230589874903,0.0
lateral_vertical__opposed,103,3.433333333333333,0.5398623773221961,0.8417532973217431,0.0,-0.2643061673452583,0.0,-0.9644388264183791,19.85007864277157,23.29446046652825,3.9831437774807044,8.583226836878469,3.444381823756679,0.0
lateral_vertical__opposed,104,3.466666666666667,0.40682525838412165,0.9135059984152774,0.0,9.70036260576311e-05,0.0,-0.9999999952951483,20.00137622422881,23.56204190554966,5.10747239433628,7.458898220022893,3.560665681320849,0.0
lateral_vertical__opposed,105,3.5,0.22720209469308858,0.9738476308781948,0.0,0.22720209469308691,0.0,-0.9738476308781953,20.19114857512855,23.791148575128553,6.283185307179585,6.283185307179587,3.6000000000000014,0.0
lateral_vertical__opposed,106,3.533333333333333,9.700362605934561e-05,0.9999999952951483,0.0,0.4068252583841201,0.0,-0.913505998415278,20.420255244707445,23.980920926028293,7.458898220022892,5.1074723943362805,3.560665681320849,0.0
lateral_vertical__opposed,107,3.566666666666667,-0.2643061673452567,0.9644388264183795,0.0,0.5398623773221947,0.0,-0.841753297321744,20.687836683728854,24.132218507485533,8.583226836878467,3.9831437774807052,3.444381823756679,0.0
lateral_vertical__opposed,108,3.6,-0.5404733117207986,0.8413611586694221,0.0,0.6331665741823579,0.0,-0.7740155614315365,20.99135181090906,24.247582400783962,9.607032602062409,2.959338012296763,3.256230589874903,0.0
lateral_vertical__opposed,109,3.6333333333333333,-0.78725018768971,0.6166337178443264,0.0,0.6955457861449021,0.0,-0.7184817738649116,21.326689070362857,24.331124161808805,10.485570290871078,2.080800323488096,3.0044350914459486,0.0
lateral_vertical__opposed,110,3.6666666666666665,-0.9545045584902605,0.2981963242920893,0.0,0.7354978713972194,0.0,-0.6775270335345736,21.688346126325147,24.38834612632515,11.18044359061197,1.3859270237472021,2.700000000000003,0.0
lateral_vertical__opposed,111,3.7,-0.9969187497449566,-0.07844110151542119,0.0,0.7604176879103527,0.0,-0.6494343230174038,22.069670341627017,24.42590093150192,11.661283203714387,0.9050874106447848,2.3562305898749045,0.0
lateral_vertical__opposed,112,3.7333333333333334,-0.8906602990043817,-0.4546693653386221,0.0,0.7766661580293998,0.0,-0.629912437543387,22.463149529862903,24.451300763744676,11.907074131761282,0.65929648259789,1.9881512338817728,0.0
lateral_vertical__opposed,113,3.7666666666666666,-0.6451385698616757,-0.7640655899049713,0.0,0.7898989129438455,0.0,-0.6132370726971187,22.860740273983996,24.472589040102218,11.907074131761282,0.65929648259789,1.6118487661182215,0.0
lateral_vertical__opposed,114,3.8,-0.30289170905513896,-0.9530249800428408,0.0,0.8052185684163888,0.0,-0.5929781252942316,23.25421946221988,24.497988872344976,11.661283203714389,0.9050874106447839,1.243769410125097,0.0
lateral_vertical__opposed,115,3.8333333333333335,0.07353234886534725,-0.9972928324571199,0.0,0.8269147534873303,0.0,-0.56232729834589,23.63554367752175,24.535543677521748,11.180443590611972,1.3859270237472012,0.8999999999999986,0.0
lateral_vertical__opposed,116,3.8666666666666667,0.4216423935516804,-0.9067622025426566,0.0,0.8577212328745786,0.0,-0.5141150519836128,23.99720073348404,24.592765642038092,10.485570290871078,2.080800323488096,0.5955649085540529,0.0
lateral_vertical__opposed,117,3.9,0.6965609025344729,-0.7174976718152892,0.0,0.8976299927068351,0.0,-0.4407498113364624,24.332537992937837,24.676307403062935,9.607032602062414,2.959338012296759,0.3437694101250983,0.0
lateral_vertical__opposed,118,3.933333333333333,0.8791655513733407,-0.47651645646127466,0.0,0.9423973173542814,0.0,-0.33449558478917746,24.636053120118042,24.791671296361365,8.583226836878469,3.9831437774807035,0.15561817624332264,0.0
lateral_vertical__opposed,119,3.966666666666667,0.9738696657234194,-0.22710762687271288,0.0,0.9820472032286671,0.0,-0.18863533770413501,24.90363455913945,24.942968877818604,7.458898220022894,5.107472394336279,0.0393343186791526,0.0
lateral_vertical__opposed,120,4.0,1.0,-9.797174393178826e-16,0.0,1.0,0.0,-9.797174393178826e-16,25.132741228718345,25.132741228718345,6.283185307179586,6.283185307179586,0.0,0.0
lateral_vertical__opposed,121,4.033333333333333,0.9738696657234198,0.22710762687271097,0.0,0.9820472032286675,0.0,0.1886353377041331,25.36184789829724,25.322513579618086,7.458898220022892,5.1074723943362805,-0.0393343186791526,0.0
lateral_vertical__opposed,122,4.066666666666666,0.879165551373345,0.47651645646126667,0.0,0.9423973173542821,0.0,0.3344955847891756,25.62942933731864,25.473811161075325,8.583226836878453,3.98314377748072,-0.15561817624331553,0.0
lateral_vertical__opposed,123,4.1,0.6965609025344794,0.7174976718152829,0.0,0.897629992706836,0.0,0.44074981133646063,25.932944464498846,25.589175054373754,9.607032602062398,2.959338012296774,-0.3437694101250912,0.0
lateral_vertical__opposed,124,4.133333333333334,0.42164239355167893,0.9067622025426573,0.0,0.8577212328745814,0.0,0.5141150519836082,26.268281723952654,25.672716815398594,10.485570290871088,2.080800323488085,-0.59556490855406,0.0
lateral_vertical__opposed,125,4.166666666666667,0.07353234886534211,0.9972928324571202,0.0,0.8269147534873315,0.0,0.5623272983458885,26.629938779914948,25.729938779914942,11.18044359061198,1.3859270237471932,-0.9000000000000057,0.0
lateral_vertical__opposed,126,4.2,-0.30289170905513707,0.9530249800428414,0.0,0.80521856841639,0.0,0.59297812529423,27.01126299521681,25.767493585091714,11.661283203714389,0.9050874106447839,-1.243769410125097,0.0
lateral_vertical__opposed,127,4.233333333333333,-0.6451385698616743,0.7640655899049725,0.0,0.7898989129438466,0.0,0.6132370726971171,27.404742183452694,25.792893417334472,11.907074131761282,0.65929648259789,-1.6118487661182215,0.0
lateral_vertical__opposed,128,4.266666666666667,-0.8906602990043808,0.45466936533862384,0.0,0.776666158029401,0.0,0.6299124375433856,27.802332927573786,25.814181693692014,11.907074131761282,0.65929648259789,-1.9881512338817728,0.0
lateral_vertical__opposed,129,4.3,-0.9969187497449564,0.07844110151542315,0.0,0.7604176879103539,0.0,0.6494343230174022,28.195812115809673,25.83958152593477,11.66128320371439,0.905087410644783,-2.3562305898749045,0.0
lateral_vertical__opposed,130,4.333333333333333,-0.9545045584902632,-0.2981963242920807,0.0,0.7354978713972208,0.0,0.6775270335345721,28.577136331111536,25.87713633111154,11.18044359061198,1.3859270237471932,-2.6999999999999957,0.0
lateral_vertical__opposed,131,4.366666666666666,-0.7872501876897134,-0.6166337178443221,0.0,0.695545786144901,0.0,0.7184817738649127,28.93879338707383,25.934358295627888,10.485570290871088,2.080800323488085,-3.0044350914459415,0.0
lateral_vertical__opposed,132,4.4,-0.5404733117207943,-0.8413611586694248,0.0,0.6331665741823594,0.0,0.7740155614315353,29.274130646527638,26.017900056652728,9.607032602062398,2.959338012296774,-3.25623058987491,0.0
lateral_vertical__opposed,133,4.433333333333334,-0.2643061673452517,-0.9644388264183809,0.0,0.5398623773221963,0.0,0.841753297321743,29.577645773707843,26.133263949951157,8.583226836878453,3.9831437774807203,-3.444381823756686,0.0
lateral_vertical__opposed,134,4.466666666666667,9.700362605738618e-05,-0.9999999952951483,0.0,0.40682525838412187,0.0,0.9135059984152772,29.845227212729245,26.284561531408396,7.458898220022893,5.10747239433628,-3.560665681320849,0.0
lateral_vertical__opposed,135,4.5,0.22720209469308666,-0.9738476308781953,0.0,0.22720209469308883,0.0,0.9738476308781948,30.07433388230814,26.474333882308137,6.283185307179587,6.283185307179585,-3.6000000000000014,0.0
lateral_vertical__opposed,136,4.533333333333333,0.40682525838411987,-0.9135059984152781,0.0,9.700362605959054e-05,0.0,0.9999999952951483,30.26410623320788,26.70344055188703,5.1074723943362805,7.458898220022892,-3.560665681320849,0.0
lateral_vertical__opposed,137,4.566666666666666,0.5398623773221944,-0.8417532973217441,0.0,-0.2643061673452496,0.0,0.9644388264183814,30.41540381466512,26.971021990908433,3.9831437774807212,8.58322683687845,-3.444381823756686,0.0
lateral_vertical__opposed,138,4.6,0.6331665741823578,-0.7740155614315366,0.0,-0.5404733117207924,0.0,0.8413611586694261,30.530767707963548,27.274537118088638,2.959338012296775,9.607032602062397,-3.25623058987491,0.0
lateral_vertical__opposed,139,4.633333333333334,0.6955457861448994,-0.7184817738649143,0.0,-0.7872501876897121,0.0,0.6166337178443237,30.614309468988388,27.609874377542447,2.080800323488086,10.485570290871086,-3.0044350914459415,0.0
lateral_vertical__opposed,140,4.666666666666667,0.7354978713972193,-0.6775270335345738,0.0,-0.9545045584902625,0.0,0.29819632429208276,30.671531433504736,27.97153143350474,1.385927023747195,11.180443590611977,-2.6999999999999957,0.0
lateral_vertical__opposed,141,4.7,0.7604176879103525,-0.6494343230174039,0.0,-0.9969187497449566,0.0,-0.07844110151542096,30.709086238681508,28.352855648806603,0.9050874106447848,11.661283203714387,-2.3562305898749045,0.0
lateral_vertical__opposed,142,4.733333333333333,0.7766661580293996,-0.6299124375433872,0.0,-0.8906602990043818,0.0,-0.4546693653386219,30.734486070924262,28.74633483704249,0.65929648259789,11.907074131761282,-1.9881512338817728,0.0
lateral_vertical__opposed,143,4.766666666666667,0.7898989129438453,-0.6132370726971189,0.0,-0.645138569861676,0.0,-0.7640655899049711,30.755774347281804,29.143925581163582,0.65929648259789,11.907074131761282,-1.6118487661182215,0.0
lateral_vertical__opposed,144,4.8,0.8052185684163886,-0.5929781252942318,0.0,-0.3028917090551392,0.0,-0.9530249800428408,30.781174179524562,29.537404769399465,0.9050874106447839,11.661283203714389,-1.243769410125097,0.0
lateral_vertical__opposed,145,4.833333333333333,0.8269147534873302,-0.5623272983458902,0.0,0.07353234886533992,0.0,-0.9972928324571204,30.818728984701334,29.91872898470133,1.3859270237471932,11.18044359061198,-0.9000000000000057,0.0
lateral_vertical__opposed,146,4.866666666666666,0.8577212328745802,-0.5141150519836101,0.0,0.42164239355167693,0.0,-0.9067622025426583,30.875950949217682,30.280386040663622,2.0808003234880834,10.485570290871088,-0.59556490855406,0.0
lateral_vertical__opposed,147,4.9,0.897629992706835,-0.4407498113364626,0.0,0.6965609025344778,0.0,-0.7174976718152845,30.95949271024252,30.61572330011743,2.9593380122967754,9.607032602062397,-0.3437694101250912,0.0
lateral_vertical__opposed,148,4.933333333333334,0.9423973173542813,-0.3344955847891777,0.0,0.879165551373344,0.0,-0.4765164564612686,31.07485660354095,30.919238427297635,3.9831437774807172,8.583226836878456,-0.15561817624331553,0.0
lateral_vertical__opposed,149,4.966666666666667,0.982047203228667,-0.18863533770413526,0.0,0.9738696657234194,0.0,-0.2271076268727131,31.22615418499819,31.186819866319038,5.107472394336279,7.458898220022894,-0.0393343186791526,0.0
lateral_vertical__opposed,150,5.0,1.0,-1.2246467991473533e-15,0.0,1.0,0.0,-1.2246467991473533e-15,31.41592653589793,31.41592653589793,6.283185307179586,6.283185307179586,0.0,0.0
lateral_vertical__opposed,151,5.033333333333333,0.9820472032286675,0.18863533770413285,0.0,0.9738696657234199,0.0,0.22710762687271074,31.605698886797672,31.645033205476825,5.1074723943362805,7.458898220022892,0.0393343186791526,0.0
lateral_vertical__opposed,152,5.066666666666666,0.9423973173542821,0.33449558478917535,0.0,0.8791655513733451,0.0,0.47651645646126645,31.75699646825491,31.912614644498227,3.98314377748072,8.583226836878453,0.15561817624331553,0.0
lateral_vertical__opposed,153,5.1,0.8976299927068361,0.4407498113364604,0.0,0.6965609025344796,0.0,0.7174976718152828,31.87236036155334,32.21612977167843,2.959338012296774,9.607032602062398,0.3437694101250912,0.0
lateral_vertical__opposed,154,5.133333333333334,0.8577212328745797,0.514115051983611,0.0,0.42164239355167915,0.0,0.9067622025426573,31.955902122578184,32.55146703113224,2.080800323488085,10.485570290871088,0.5955649085540564,0.0
lateral_vertical__opposed,155,5.166666666666667,0.8269147534873336,0.5623272983458854,0.0,0.0735323488653459,0.0,0.99729283245712,32.013124087094525,32.91312408709453,1.3859270237471932,11.18044359061198,0.9000000000000057,0.0
lateral_vertical__opposed,156,5.2,0.8052185684163901,0.5929781252942298,0.0,-0.30289170905513685,0.0,0.9530249800428414,32.0506788922713,33.2944483023964,0.9050874106447839,11.661283203714389,1.243769410125097,0.0
lateral_vertical__opposed,157,5.233333333333333,0.789898912943849,0.6132370726971141,0.0,-0.6451385698616767,0.0,0.7640655899049704,32.076078724514055,33.68792749063228,0.65929648259789,11.907074131761282,1.6118487661182286,0.0
lateral_vertical__opposed,158,5.266666666666667,0.7766661580294011,0.6299124375433853,0.0,-0.8906602990043839,0.0,0.45466936533861774,32.0973670008716,34.08551823475338,0.65929648259789,11.907074131761282,1.98815123388178,0.0
lateral_vertical__opposed,159,5.3,0.760417687910354,0.6494343230174021,0.0,-0.9969187497449559,0.0,0.07844110151543048,32.122766833114355,34.47899742298925,0.905087410644783,11.66128320371439,2.3562305898748974,0.0
lateral_vertical__opposed,160,5.333333333333333,0.7354978713972234,0.6775270335345693,0.0,-0.9545045584902622,0.0,-0.2981963242920838,32.16032163829112,34.860321638291126,1.3859270237471932,11.18044359061198,2.700000000000003,0.0
lateral_vertical__opposed,161,5.366666666666666,0.6955457861449011,0.7184817738649126,0.0,-0.7872501876897136,0.0,-0.6166337178443219,32.217543602807474,35.221978694253416,2.080800323488085,10.485570290871088,3.0044350914459415,0.0
lateral_vertical__opposed,162,5.4,0.6331665741823597,0.774015561431535,0.0,-0.5404733117208005,0.0,-0.8413611586694208,32.301085363832314,35.55731595370722,2.959338012296774,9.607032602062398,3.256230589874903,0.0
lateral_vertical__opposed,163,5.433333333333334,0.5398623773221964,0.8417532973217428,0.0,-0.2643061673452519,0.0,-0.9644388264183809,32.41644925713074,35.86083108088743,3.9831437774807203,8.583226836878453,3.444381823756686,0.0
lateral_vertical__opposed,164,5.466666666666667,0.4068252583841253,0.9135059984152757,0.0,9.700362606069396e-05,0.0,-0.9999999952951483,32.56774683858798,36.128412519908835,5.10747239433628,7.458898220022893,3.560665681320856,0.0
lateral_vertical__opposed,165,5.5,0.22720209469308905,0.9738476308781947,0.0,0.2272020946930795,0.0,-0.9738476308781969,32.757519189487724,36.35751918948772,6.283185307179585,6.283185307179587,3.5999999999999943,0.0
lateral_vertical__opposed,166,5.533333333333333,9.700362606338818e-05,0.9999999952951483,0.0,0.40682525838412287,0.0,-0.9135059984152768,32.98662585906661,36.54729154038747,7.458898220022892,5.1074723943362805,3.560665681320856,0.0
lateral_vertical__opposed,167,5.566666666666666,-0.26430616734524937,0.9644388264183815,0.0,0.5398623773221942,0.0,-0.8417532973217443,33.25420729808802,36.698589121844705,8.58322683687845,3.9831437774807212,3.444381823756686,0.0
lateral_vertical__opposed,168,5.6,-0.5404733117207982,0.8413611586694224,0.0,0.6331665741823576,0.0,-0.7740155614315368,33.55772242526823,36.813953015143134,9.607032602062397,2.959338012296775,3.256230589874903,0.0
lateral_vertical__opposed,169,5.633333333333334,-0.7872501876897119,0.616633717844324,0.0,0.6955457861448993,0.0,-0.7184817738649145,33.89305968472203,36.897494776167974,10.485570290871086,2.080800323488086,3.0044350914459415,0.0
lateral_vertical__opposed,170,5.666666666666667,-0.9545045584902614,0.2981963242920864,0.0,0.7354978713972216,0.0,-0.6775270335345713,34.25471674068432,36.954716740684326,11.180443590611977,1.385927023747195,2.700000000000003,0.0
lateral_vertical__opposed,171,5.7,-0.9969187497449561,-0.0784411015154278,0.0,0.7604176879103524,0.0,-0.6494343230174041,34.636040955986196,36.992271545861094,11.661283203714387,0.9050874106447848,2.3562305898748974,0.0
lateral_vertical__opposed,172,5.733333333333333,-0.8906602990043851,-0.45466936533861535,0.0,0.7766661580293994,0.0,-0.6299124375433874,35.02952014422207,37.01767137810385,11.907074131761282,0.65929648259789,1.98815123388178,0.0
lateral_vertical__opposed,173,5.766666666666667,-0.6451385698616788,-0.7640655899049686,0.0,0.7898989129438474,0.0,-0.6132370726971162,35.427110888343165,37.038959654461394,11.907074131761282,0.65929648259789,1.6118487661182286,0.0
lateral_vertical__opposed,174,5.8,-0.3028917090551394,-0.9530249800428406,0.0,0.8052185684163885,0.0,-0.592978125294232,35.82059007657905,37.06435948670415,11.661283203714389,0.9050874106447839,1.243769410125097,0.0
lateral_vertical__opposed,175,5.833333333333333,0.07353234886534321,-0.9972928324571201,0.0,0.8269147534873321,0.0,-0.5623272983458876,36.20191429188092,37.101914291880924,11.18044359061198,1.3859270237471932,0.9000000000000057,0.0
lateral_vertical__opposed,176,5.866666666666666,0.4216423935516767,-0.9067622025426584,0.0,0.8577212328745765,0.0,-0.5141150519836164,36.56357134784321,37.15913625639726,10.485570290871088,2.0808003234880834,0.5955649085540529,0.0
lateral_vertical__opposed,177,5.9,0.6965609025344777,-0.7174976718152847,0.0,0.8976299927068349,0.0,-0.44074981133646285,36.89890860729702,37.24267801742211,9.607032602062397,2.9593380122967754,0.3437694101250912,0.0
lateral_vertical__opposed,178,5.933333333333334,0.8791655513733438,-0.47651645646126883,0.0,0.9423973173542837,0.0,-0.33449558478917124,37.20242373447722,37.358041910720544,8.583226836878456,3.9831437774807172,0.15561817624332264,0.0
lateral_vertical__opposed,179,5.966666666666667,0.9738696657234185,-0.22710762687271682,0.0,0.9820472032286663,0.0,-0.18863533770413898,37.47000517349862,37.50933949217777,7.458898220022894,5.107472394336279,0.0393343186791526,0.0
lateral_vertical__opposed,180,6.0,1.0,-1.4695761589768238e-15,0.0,1.0,0.0,-1.4695761589768238e-15,37.69911184307752,37.69911184307752,6.283185307179586,6.283185307179586,0.0,0.0
lateral_vertical__opposed,181,6.033333333333333,0.9738696657234192,0.22710762687271396,0.0,0.9820472032286669,0.0,0.1886353377041361,37.928218512656414,37.88888419397726,7.458898220022892,5.1074723943362805,-0.0393343186791526,0.0
lateral_vertical__opposed,182,6.066666666666666,0.8791655513733453,0.4765164564612663,0.0,0.9423973173542846,0.0,0.33449558478916847,38.19579995167781,38.04018177543449,8.583226836878453,3.98314377748072,-0.15561817624332264,0.0
lateral_vertical__opposed,183,6.1,0.6965609025344798,0.7174976718152826,0.0,0.8976299927068362,0.0,0.4407498113364602,38.49931507885802,38.15554566873293,9.607032602062398,2.959338012296774,-0.3437694101250912,0.0
lateral_vertical__opposed,184,6.133333333333334,0.4216423935516794,0.9067622025426572,0.0,0.857721232874578,0.0,0.5141150519836138,38.83465233831183,38.239087429757774,10.485570290871088,2.080800323488085,-0.5955649085540529,0.0
lateral_vertical__opposed,185,6.166666666666667,0.07353234886534615,0.9972928324571199,0.0,0.8269147534873338,0.0,0.5623272983458851,39.19630939427412,38.29630939427411,11.18044359061198,1.3859270237471932,-0.9000000000000057,0.0
lateral_vertical__opposed,186,6.2,-0.3028917090551366,0.9530249800428415,0.0,0.8052185684163903,0.0,0.5929781252942296,39.57763360957598,38.333864199450886,11.661283203714389,0.9050874106447839,-1.243769410125097,0.0
lateral_vertical__opposed,187,6.233333333333333,-0.6451385698616766,0.7640655899049705,0.0,0.7898989129438492,0.0,0.6132370726971139,39.97111279781187,38.35926403169364,11.907074131761282,0.65929648259789,-1.6118487661182286,0.0
lateral_vertical__opposed,188,6.266666666666667,-0.8906602990043838,0.45466936533861796,0.0,0.7766661580294013,0.0,0.6299124375433851,40.368703541932966,38.380552308051186,11.907074131761282,0.65929648259789,-1.98815123388178,0.0
lateral_vertical__opposed,189,6.3,-0.9969187497449559,0.07844110151543073,0.0,0.7604176879103542,0.0,0.6494343230174019,40.76218273016884,38.40595214029394,11.66128320371439,0.905087410644783,-2.3562305898748974,0.0
lateral_vertical__opposed,190,6.333333333333333,-0.9545045584902623,-0.2981963242920836,0.0,0.7354978713972236,0.0,0.6775270335345691,41.14350694547071,38.44350694547071,11.18044359061198,1.3859270237471932,-2.700000000000003,0.0
lateral_vertical__opposed,191,6.366666666666666,-0.7872501876897138,-0.6166337178443216,0.0,0.6955457861449014,0.0,0.7184817738649124,41.505164001433,38.50072890998706,10.485570290871088,2.080800323488085,-3.0044350914459415,0.0
lateral_vertical__opposed,192,6.4,-0.5404733117208007,-0.8413611586694207,0.0,0.6331665741823598,0.0,0.7740155614315349,41.8405012608868,38.5842706710119,9.607032602062398,2.959338012296774,-3.256230589874903,0.0
lateral_vertical__opposed,193,6.433333333333334,-0.2643061673452522,-0.9644388264183807,0.0,0.5398623773221967,0.0,0.8417532973217426,42.144016388067016,38.69963456431033,8.583226836878453,3.9831437774807203,-3.444381823756686,0.0
lateral_vertical__opposed,194,6.466666666666667,9.700362606044903e-05,-0.9999999952951483,0.0,0.40682525838412553,0.0,0.9135059984152756,42.41159782708842,38.850932145767565,7.458898220022893,5.10747239433628,-3.560665681320856,0.0
lateral_vertical__opposed,195,6.5,0.2272020946930862,-0.9738476308781954,0.0,0.2272020946930824,0.0,0.9738476308781963,42.64070449666731,39.04070449666732,6.283185307179587,6.283185307179585,-3.5999999999999943,0.0
lateral_vertical__opposed,196,6.533333333333333,0.40682525838412265,-0.9135059984152769,0.0,9.700362606363311e-05,0.0,0.9999999952951483,42.830476847567056,39.2698111662462,5.1074723943362805,7.458898220022892,-3.560665681320856,0.0
lateral_vertical__opposed,197,6.566666666666666,0.539862377322194,-0.8417532973217444,0.0,-0.2643061673452491,0.0,0.9644388264183816,42.98177442902429,39.537392605267605,3.9831437774807212,8.58322683687845,-3.444381823756686,0.0
lateral_vertical__opposed,198,6.6,0.6331665741823573,-0.7740155614315369,0.0,-0.540473311720798,0.0,0.8413611586694225,43.09713832232272,39.84090773244782,2.959338012296775,9.607032602062397,-3.256230589874903,0.0
lateral_vertical__opposed,199,6.633333333333334,0.695545786144899,-0.7184817738649146,0.0,-0.7872501876897118,0.0,0.6166337178443242,43.18068008334756,40.17624499190162,2.080800323488086,10.485570290871086,-3.0044350914459415,0.0
lateral_vertical__opposed,200,6.666666666666667,0.7354978713972214,-0.6775270335345714,0.0,-0.9545045584902613,0.0,0.29819632429208665,43.23790204786391,40.53790204786391,1.385927023747195,11.180443590611977,-2.700000000000003,0.0
lateral_vertical__opposed,201,6.7,0.7604176879103521,-0.6494343230174043,0.0,-0.9969187497449561,0.0,-0.07844110151542755,43.27545685304068,40.91922626316578,0.9050874106447848,11.661283203714387,-2.3562305898748974,0.0
lateral_vertical__opposed,202,6.733333333333333,0.7766661580293993,-0.6299124375433875,0.0,-0.8906602990043853,0.0,-0.45466936533861513,43.300856685283435,41.312705451401655,0.65929648259789,11.907074131761282,-1.98815123388178,0.0
lateral_vertical__opposed,203,6.766666666666667,0.7898989129438472,-0.6132370726971165,0.0,-0.6451385698616791,0.0,-0.7640655899049685,43.32214496164098,41.71029619552275,0.65929648259789,11.907074131761282,-1.6118487661182286,0.0
lateral_vertical__opposed,204,6.8,0.8052185684163884,-0.5929781252942322,0.0,-0.3028917090551396,0.0,-0.9530249800428405,43.347544793883735,42.10377538375864,0.9050874106447839,11.661283203714389,-1.243769410125097,0.0
lateral_vertical__opposed,205,6.833333333333333,0.8269147534873319,-0.5623272983458877,0.0,0.07353234886534298,0.0,-0.9972928324571201,43.38509959906051,42.485099599060504,1.3859270237471932,11.18044359061198,-0.9000000000000057,0.0
lateral_vertical__opposed,206,6.866666666666666,0.8577212328745764,-0.5141150519836166,0.0,0.4216423935516765,0.0,-0.9067622025426585,43.44232156357685,42.846756655022794,2.0808003234880834,10.485570290871088,-0.5955649085540529,0.0
lateral_vertical__opposed,207,6.9,0.8976299927068347,-0.44074981133646307,0.0,0.6965609025344774,0.0,-0.7174976718152848,43.525863324601694,43.1820939144766,2.9593380122967754,9.607032602062397,-0.3437694101250912,0.0
lateral_vertical__opposed,208,6.933333333333334,0.9423973173542836,-0.33449558478917146,0.0,0.8791655513733437,0.0,-0.47651645646126906,43.64122721790013,43.48560904165681,3.9831437774807172,8.583226836878456,-0.15561817624332264,0.0
lateral_vertical__opposed,209,6.966666666666667,0.9820472032286662,-0.18863533770413923,0.0,0.9738696657234184,0.0,-0.22710762687271704,43.79252479935736,43.75319048067821,5.107472394336279,7.458898220022894,-0.0393343186791526,0.0
lateral_vertical__opposed,210,7.0,1.0,-1.7145055188062944e-15,0.0,1.0,0.0,-1.7145055188062944e-15,43.982297150257104,43.982297150257104,6.283185307179586,6.283185307179586,0.0,0.0
lateral_vertical__opposed,211,7.033333333333333,0.9820472032286669,0.18863533770413587,0.0,0.9738696657234192,0.0,0.2271076268727137,44.17206950115685,44.211403819836,5.1074723943362805,7.458898220022892,0.0393343186791526,0.0
lateral_vertical__opposed,212,7.066666666666666,0.9423973173542847,0.3344955847891682,0.0,0.8791655513733454,0.0,0.47651645646126606,44.32336708261408,44.4789852588574,3.98314377748072,8.583226836878453,0.15561817624332264,0.0
lateral_vertical__opposed,213,7.1,0.8976299927068363,0.44074981133646,0.0,0.6965609025344799,0.0,0.7174976718152825,44.43873097591251,44.782500386037604,2.959338012296774,9.607032602062398,0.3437694101250912,0.0
lateral_vertical__opposed,214,7.133333333333334,0.8577212328745781,0.5141150519836136,0.0,0.4216423935516796,0.0,0.906762202542657,44.52227273693736,45.11783764549141,2.080800323488085,10.485570290871088,0.5955649085540529,0.0
lateral_vertical__opposed,215,7.166666666666667,0.8269147534873339,0.5623272983458849,0.0,0.07353234886534639,0.0,0.9972928324571199,44.5794947014537,45.4794947014537,1.3859270237471932,11.18044359061198,0.9000000000000057,0.0
lateral_vertical__opposed,216,7.2,0.8052185684163904,0.5929781252942294,0.0,-0.3028917090551364,0.0,0.9530249800428416,44.61704950663047,45.86081891675557,0.9050874106447839,11.661283203714389,1.243769410125097,0.0
lateral_vertical__opposed,217,7.233333333333333,0.7898989129438493,0.6132370726971138,0.0,-0.6451385698616764,0.0,0.7640655899049708,44.64244933887323,46.254298104991456,0.65929648259789,11.907074131761282,1.6118487661182286,0.0
lateral_vertical__opposed,218,7.266666666666667,0.7766661580294014,0.6299124375433849,0.0,-0.8906602990043837,0.0,0.4546693653386182,44.66373761523077,46.65188884911255,0.65929648259789,11.907074131761282,1.98815123388178,0.0
lateral_vertical__opposed,219,7.3,0.7604176879103544,0.6494343230174017,0.0,-0.9969187497449559,0.0,0.07844110151543096,44.68913744747353,47.045368037348425,0.905087410644783,11.66128320371439,2.3562305898748974,0.0
lateral_vertical__opposed,220,7.333333333333333,0.7354978713972238,0.677527033534569,0.0,-0.9545045584902624,0.0,-0.29819632429208337,44.726692252650295,47.4266922526503,1.3859270237471932,11.18044359061198,2.700000000000003,0.0
lateral_vertical__opposed,221,7.366666666666666,0.6955457861449015,0.7184817738649123,0.0,-0.7872501876897139,0.0,-0.6166337178443215,44.78391421716665,47.78834930861259,2.080800323488085,10.485570290871088,3.0044350914459415,0.0
lateral_vertical__opposed,222,7.4,0.63316657418236,0.7740155614315348,0.0,-0.5404733117208009,0.0,-0.8413611586694206,44.86745597819149,48.12368656806639,2.959338012296774,9.607032602062398,3.256230589874903,0.0
lateral_vertical__opposed,223,7.433333333333334,0.5398623773221969,0.8417532973217425,0.0,-0.2643061673452524,0.0,-0.9644388264183806,44.982819871489916,48.4272016952466,3.9831437774807203,8.583226836878453,3.444381823756686,0.0
lateral_vertical__opposed,224,7.466666666666667,0.40682525838412575,0.9135059984152755,0.0,9.70036260602041e-05,0.0,-0.9999999952951483,45.13411745294715,48.69478313426801,5.10747239433628,7.458898220022893,3.560665681320856,0.0
lateral_vertical__opposed,225,7.5,0.22720209469308952,0.9738476308781946,0.0,0.22720209469307903,0.0,-0.973847630878197,45.323889803846896,48.92388980384689,6.283185307179585,6.283185307179587,3.5999999999999943,0.0
lateral_vertical__opposed,226,7.533333333333333,9.700362606387805e-05,0.9999999952951483,0.0,0.4068252583841224,0.0,-0.913505998415277,45.552996473425786,49.11366215474664,7.458898220022892,5.1074723943362805,3.560665681320856,0.0
lateral_vertical__opposed,227,7.566666666666666,-0.26430616734524887,0.9644388264183816,0.0,0.5398623773221938,0.0,-0.8417532973217445,45.82057791244719,49.26495973620388,8.58322683687845,3.9831437774807212,3.444381823756686,0.0
lateral_vertical__opposed,228,7.6,-0.5404733117207978,0.8413611586694226,0.0,0.6331665741823572,0.0,-0.7740155614315372,46.124093039627404,49.38032362950231,9.607032602062397,2.959338012296775,3.256230589874903,0.0
lateral_vertical__opposed,229,7.633333333333334,-0.7872501876897116,0.6166337178443244,0.0,0.6955457861448989,0.0,-0.7184817738649149,46.459430299081205,49.46386539052715,10.485570290871086,2.080800323488086,3.0044350914459415,0.0
lateral_vertical__opposed,230,7.666666666666667,-0.9545045584902613,0.29819632429208687,0.0,0.7354978713972212,0.0,-0.6775270335345717,46.821087355043495,49.5210873550435,11.180443590611977,1.385927023747195,2.700000000000003,0.0
lateral_vertical__opposed,231,7.7,-0.9969187497449561,-0.0784411015154273,0.0,0.760417687910352,0.0,-0.6494343230174046,47.20241157034537,49.558642160220266,11.661283203714387,0.9050874106447848,2.3562305898748974,0.0
lateral_vertical__opposed,232,7.733333333333333,-0.8906602990043854,-0.4546693653386149,0.0,0.7766661580293991,0.0,-0.6299124375433878,47.59589075858124,49.58404199246302,11.907074131761282,0.65929648259789,1.98815123388178,0.0
lateral_vertical__opposed,233,7.766666666666667,-0.6451385698616792,-0.7640655899049683,0.0,0.7898989129438471,0.0,-0.6132370726971167,47.99348150270234,49.605330268820566,11.907074131761282,0.65929648259789,1.6118487661182286,0.0
lateral_vertical__opposed,234,7.8,-0.3028917090551399,-0.9530249800428405,0.0,0.8052185684163882,0.0,-0.5929781252942323,48.386960690938224,49.63073010106332,11.661283203714389,0.9050874106447839,1.243769410125097,0.0
lateral_vertical__opposed,235,7.833333333333333,0.07353234886534273,-0.9972928324571202,0.0,0.8269147534873318,0.0,-0.5623272983458879,48.76828490624009,49.668284906240096,11.18044359061198,1.3859270237471932,0.9000000000000057,0.0
lateral_vertical__opposed,236,7.866666666666666,0.42164239355167626,-0.9067622025426586,0.0,0.8577212328745762,0.0,-0.5141150519836167,49.12994196220238,49.72550687075643,10.485570290871088,2.0808003234880834,0.5955649085540529,0.0
lateral_vertical__opposed,237,7.9,0.6965609025344773,-0.717497671815285,0.0,0.8976299927068346,0.0,-0.4407498113364633,49.46527922165619,49.80904863178128,9.607032602062397,2.9593380122967754,0.3437694101250912,0.0
lateral_vertical__opposed,238,7.933333333333334,0.8791655513733436,-0.4765164564612693,0.0,0.9423973173542834,0.0,-0.3344955847891717,49.768794348836394,49.92441252507972,8.583226836878456,3.9831437774807172,0.15561817624332264,0.0
lateral_vertical__opposed,239,7.966666666666667,0.9738696657234184,-0.2271076268727173,0.0,0.9820472032286662,0.0,-0.18863533770413948,50.03637578785779,50.075710106536945,7.458898220022894,5.107472394336279,0.0393343186791526,0.0
